臺北市政府警察局,100,臺北市中正區延平南路96號
中山分局,104,臺北市中山區中山北路2段1號
中山一派出所,104,臺北市中山區中山北路1段110號
中山二派出所,104,臺北市中山區中山北路2段90號
圓山派出所,104,臺北市中山區中山北路3段62號
長春路派出所,104,臺北市中山區長春路206號
長安東路派出所,104,臺北市中山區長安東路2段165號
民權一派出所,104,臺北市中山區新生北路2段127之1號
建國路派出所,104,臺北市中山區民族東路284號
大直派出所,104,臺北市中山區北安路456號
大安分局,106,臺北市大安區仁愛路3段2號
羅斯福路派出所,106,臺北市大安區羅斯福路4段113巷13號
臥龍街派出所,106,臺北市大安區臥龍街185號
敦化南路派出所,106,臺北市大安區復興南路1段219之1號
安和路派出所,106,臺北市大安區信義路4段216號
瑞安街派出所,106,臺北市大安區瑞安街23巷17號
和平東路派出所,106,臺北市大安區和平東路1段143號
新生南路派出所,106,臺北市大安區仁愛路3段18號
中正一分局,100,臺北市中正區公園路15號
忠孝西路派出所,100,臺北市中正區公園路15號
忠孝東路派出所,100,臺北市中正區忠孝東路2段10號
仁愛路派出所,100,臺北市中正區仁愛路1段19號
介壽路派出所,100,臺北市中正區公園路54號
博愛路派出所,100,臺北市中正區博愛路119號
中正二分局,100,臺北市中正區南海路35號
南海路派出所,100,臺北市中正區南海路35號
思源街派出所,100,臺北市中正區汀州路3段72號
南昌路派出所,100,臺北市中正區龍福里南昌路1段7號
泉州街派出所,100,臺北市中正區中華路2段503號
廈門街派出所,100,臺北市中正區螢圃里廈門街43號
文山二分局,116,臺北市文山區景中街2號
萬盛派出所,116,臺北市文山區羅斯福路5段151號
景美派出所,116,臺北市文山區景中街2號
興隆派出所,116,臺北市文山區里興隆路2段156號
文山一分局,116,臺北市文山區木柵路2段202號
木新派出所,116,臺北市文山區恆光街45號
指南派出所,116,臺北市文山區指南路2段177號
萬芳派出所,116,臺北市文山區萬芳里萬美街1段50號
復興派出所,116,臺北市文山區木柵路1段54號
木柵派出所,116,臺北市文山區木柵路2段202號
南港分局,115,臺北市南港區向陽路150號
玉成派出所,115,臺北市南港區向陽路150號
舊莊派出所,115,臺北市南港區舊莊街1段213號
同德派出所,115,臺北市南港區同德路83號
南港派出所,115,臺北市南港區興中路12巷2號
內湖分局,114,臺北市內湖區民權東路6段101號
康樂派出所,114,臺北市內湖區康樂街110巷16弄20號
東湖派出所,114,臺北市內湖區五分街10號
文德派出所,114,臺北市內湖區民權東路6段26號
大湖派出所,114,臺北市內湖區成功路5段1號
港墘派出所,114,臺北市內湖區內湖路1段550號
西湖派出所,114,臺北市內湖區瑞光路515號
潭美派出所,114,臺北市內湖區新明路324號
內湖派出所,114,臺北市內湖區內湖路2段261號
康寧派出所,114,臺北市內湖區金湖路83號
北投分局,112,臺北市北投區中央北路1段1號
永明派出所,112,臺北市北投區石牌路2段10號
竹子湖派出所,112,臺北市北投區竹子湖路16號
公園派出所,112,臺北市北投區紗帽路110號
關渡派出所,112,臺北市北投區大度路3段305號
石牌派出所,112,臺北市北投區文林北路296號
奇岩派出所,112,臺北市北投區公館路209巷11號
大屯派出所,112,臺北市北投區中和街534號
光明派出所,112,臺北市北投區泉源路14號
長安派出所,112,臺北市北投區中央北路1段1號
士林分局,111,臺北市士林區文林路235號
翠山派出所,111,臺北市士林區中社路1段56號
後港派出所,111,臺北市士林區福港街151號
山仔后派出所,111,臺北市士林區格致路39號
永福派出所,111,臺北市士林區仰德大道3段49號
溪山派出所,111,臺北市士林區至善路3段263號
芝山岩派出所,111,臺北市士林區仰德大道1段16號
天母派出所,111,臺北市士林區中山北路7段192號
蘭雅派出所,111,臺北市士林區中山北路6段153號1樓
社子派出所,111,臺北市士林區延平北路6段237號
文林派出所,111,臺北市士林區文林路235號
信義分局,110,臺北市信義區信義路5段17號
六張犁派出所,110,臺北市信義區嘉興街301號
吳興街派出所,110,臺北市信義區吳興街262號
福德街派出所,110,臺北市信義區松德路66號
五分埔派出所,110,臺北市信義區永吉路333號
三張犁派出所,110,臺北市信義區信義路5段17號
松山分局,105,臺北市南京東路3段340號
民有派出所,105,臺北市松山區民權東路3段162號
三民派出所,105,臺北市松山區三民里民生東路5段163之1號
東社派出所,105,臺北市松山區精忠里敦化北路199巷5之1號
中崙派出所,105,臺北市松山區長安東路2段229之1號
松山派出所,105,臺北市松山區八德路4段692號
大同分局,103,臺北市大同區錦西街200號
建成派出所,103,臺北市大同區承德路1段80號
民生西路派出所,103,臺北市大同區保安街47之1號
延平派出所,103,臺北市大同區延平北路1段86號
重慶北路派出所,103,臺北市大同區重慶北路3段320之2號
寧夏路派出所,103,臺北市大同區錦西街200號
民族路派出所,103,臺北市大同區重慶北路3段168號
萬華分局,108,臺北市萬華區康定路22號
青年路派出所,108,臺北市萬華區萬大路423巷112號
東園街派出所,108,臺北市萬華區長泰街130號
西園路派出所,108,臺北市萬華區東園街17號
莒光派出所,108,臺北市萬華區莒光路171號
華江派出所,108,臺北市萬華區環河南路2段196號
大理街派出所,108,臺北市萬華區大理街99號
康定路派出所,108,臺北市萬華區和平西路3段112號
桂林路派出所,108,臺北市萬華區西園路1段156之1號
昆明街派出所,108,臺北市萬華區昆明街245號
漢中街派出所,108,臺北市萬華區漢中街122號
武昌街派出所,108,臺北市萬華區西寧南路4號
新北市政府警察局,220,新北市板橋區府中路32號
土城分局,236,新北市土城區和平路22號
土城派出所,236,新北市土城區和平路22號
金城派出所,236,新北市土城區延吉街318號
廣福派出所,236,新北市土城區學府路1段103號
清水派出所,236,新北市土城區青雲路220號
頂埔派出所,236,新北市土城區中央路4段102號
三峽分局,237,新北市三峽區中正路1段48號
吉埔派出所,237,新北市三峽區中正路2段451號
成福派出所,237,新北市三峽區成福路84號
圳頭派出所,237,新北市三峽區中正路2段451號
五寮派出所,237,新北市三峽區五寮里五寮154號
插角派出所,237,新北市三峽區插角里插角67之1號
湖山派出所,239,新北市鶯歌區大湖路370號
鳳鳴派出所,239,新北市鶯歌區鳳鳴里莒光街20號
二橋派出所,239,新北市鶯歌區中正三路6號
橫溪派出所,237,新北市三峽區介壽路3段49號
鶯歌分駐所,239,新北市鶯歌區中正一路195號
三峽派出所,237,新北市三峽區民權街38號
北大派出所,237,新北市三峽區學成路396號
三重分局,241,新北市三重區重新路3段147號
永福派出所,241,新北市三重區力行路2段162巷53號
中興橋派出所,241,新北市三重區成功路21號
光明派出所,241,新北市三重區過圳街46號
慈福派出所,241,新北市三重區仁愛街519號
厚德派出所,241,新北市三重區三和路3段186號
長泰派出所,241,新北市三重區三和路2段152號
三重派出所,241,新北市三重區重新路1段43號
大同派出所,241,新北市三重區大同南路155號
二重派出所,241,新北市三重區重新路5段406號
大有派出所,241,新北市三重區大有里中正北路402號
重陽派出所,241,新北市三重區集賢路163號
中和分局,235,新北市中和區圓通路30號
中和派出所,235,新北市中和區中和路102之1號
安平派出所,235,新北市中和區中安街175號
秀山派出所,235,新北市中和區成功路139號
南勢派出所,235,新北市中和區南山路322號
景安派出所,235,新北市中和區復興路276號
國光派出所,235,新北市中和區莒光路160號
錦和派出所,235,新北市中和區中正路275號1樓
中原派出所,235,新北市中和區立德街60號
積穗派出所,235,新北市中和區員山路471號
員山派出所,235,新北市永和區員山路235巷1號
板橋分局,220,新北市板橋區文化路1段52號
沙崙派出所,220,新北市板橋區溪北路111號
大觀派出所,220,新北市板橋區大觀路2段127號
後埔派出所,220,新北市板橋區成都街22號
板橋派出所,220,新北市板橋區文化路1段52號2樓
信義派出所,220,新北市板橋區廣權路28號
樹林分局,238,新北市樹林區保安街1段283號
柑園派出所,238,新北市樹林區佳園路3段20號
山佳派出所,238,新北市樹林區中山路3段38號
三多派出所,238,新北市樹林區三福街72號
樹林派出所,238,新北市樹林區鎮前街35號
彭厝派出所,238,新北市樹林區國凱街65號
永和分局,234,新北市永和區竹林路198號
得和派出所,234,新北市永和區民權路51號
中正橋派出所,234,新北市永和區竹林路198號1樓
新生派出所,234,新北市永和區仁愛路187號
秀朗派出所,234,新北市永和區永利路73號
永和派出所,234,新北市永和區安樂路344號
汐止分局,221,新北市汐止區大同路2段459號
東山派出所,221,新北市汐止區汐平路2段68號
烘內派出所,221,新北市汐止區汐萬路2段230號
長青派出所,221,新北市汐止區長青路188巷1之1號
橫科派出所,221,新北市汐止區民權街2段87號
社后派出所,221,新北市汐止區中興路108號
長安派出所,221,新北市汐止區大同路3段99號
汐止派出所,221,新北市汐止區民生街1號
淡水分局,251,新北市淡水區中正路229號
水源派出所,251,新北市淡水區北新路2段19號
興仁派出所,251,新北市淡水區興仁路93號
賢孝派出所,251,新北市淡水區淡金路5段72號
後厝派出所,252,新北市三芝區後厝里北勢子45之32號
興華派出所,252,新北市三芝區興華里田心子1號
三芝分駐所,252,新北市三芝區育英街27號
中正路派出所,251,新北市淡水區中正路320號
中山路派出所,251,新北市淡水區中正東路40號
竹圍派出所,251,新北市淡水區民權路32號
水碓派出所,251,新北市淡水區中山北路1段160號
新店分局,231,新北市新店區寶橋路188號4樓
龜山派出所,231,新北市新店區新烏路3段152號
福山派出所,233,新北市烏來區福山里李茂岸30號
楓子林派出所,223,新北市石碇區楓子林32號
石派出所,232,新北市坪林區北宜路9段6號
漁光派出所,232,新北市坪林區漁光里大舌湖24號
孝義派出所,233,新北市烏來區孝義里阿玉路2號
雙城派出所,231,新北市新店區安康路3段209號
中民派出所,223,新北市石碇區靜安路1段236號
碧山派出所,233,新北市石碇區北宜路5段42號
屈尺派出所,231,新北市新店區屈尺路82號
深坑分駐所,222,新北市深坑區深坑街55號
忠治派出所,233,新北市烏來區新烏路4段23號
石碇分駐所,223,新北市石碇區碇坪路1段79號
信賢派出所,233,新北市烏來區信福路11號
坪林分駐所,232,新北市坪林區坪林街106號
青潭派出所,231,新北市新店區北宜路2段417號
烏來分駐所,233,新北市烏來區烏來街45號
闊瀨派出所,232,新北市坪林區坪雙路3段6號
安康派出所,231,新北市新店區安康路2段70號
豐田派出所,223,新北市石碇區豐田里磨石坑8號
頂城派出所,231,新北市新店區碧潭路75號3樓
直潭派出所,231,新北市新店區直潭十街27號
江陵派出所,231,新北市新店區民族路7號
金溪派出所,232,新北市坪林區粗窟里金瓜寮23之1號
碧潭派出所,231,新北市新店區新生里北新路1段129號
安和派出所,231,新北市新店區安和路3段1號
新莊分局,242,新北市新莊區里中正路150號
丹鳳派出所,242,新北市新莊區雙鳳路75號1樓
光華派出所,242,新北市新莊區民安西路141號
福營派出所,242,新北市新莊區後港一路183號
頭前派出所,242,新北市新莊區化成路312號
中港派出所,242,新北市新莊區中港路352號
新莊派出所,242,新北市新莊區新莊路212號
中平派出所,242,新北市新莊區中平路288號
五工派出所,242,新北市新莊區五工路95之1號
林口分局,244,新北市林口區忠孝二路57號
林口派出所,244,新北市林口區中正路102號
文化派出所,244,新北市林口區麗園一街5號
忠孝派出所,244,新北市林口區忠孝二路57號
下福派出所,244,新北市林口區下福里下福99之1號
瑞平派出所,244,新北市林口區瑞平里10鄰44號
泰山分駐所,243,新北市泰山區泰林路2段214號
明志派出所,243,新北市泰山區明志路2段426號
瑞芳分局,224,新北市瑞芳區明燈路3段25號
九份派出所,224,新北市瑞芳區豎崎路24號
吉林派出所,228,新北市貢寮區枋腳街4號
四腳亭派出所,224,新北市瑞芳區瑞竹路124號
金瓜石派出所,224,新北市瑞芳區金光路51號
牡丹派出所,227,新北市雙溪區牡丹里牡丹106號
澳底派出所,228,新北市貢寮區延平街36號
東勢格派出所,226,新北市平溪區東勢里東勢格1號
柑腳派出所,227,新北市雙溪區長源里柑腳19號
福隆派出所,228,新北市貢寮區福隆街19號
鼻頭派出所,224,新北市瑞芳區鼻頭路101號
瑞濱派出所,224,新北市瑞芳區建基路1段5之1號
猴硐派出所,224,新北市瑞芳區九芎橋路96號
大寮派出所,224,新北市瑞芳區魚里魚坑路278號
卯澳派出所,228,新北市貢寮區福連街18號
和美派出所,228,新北市貢寮區和美街30號
太平派出所,227,新北市雙溪區大平路62號
貢寮分駐所,228,新北市貢寮區朝陽街56之1號
十分派出所,226,新北市平溪區十分街283號
平溪分駐所,226,新北市平溪區靜安路二段141號
平林派出所,227,新北市雙溪區上林里內平林47號
雙溪分駐所,227,新北市雙溪區太平路64號
水湳洞派出所,224,新北市瑞芳區洞頂路8號
瑞芳派出所,224,新北市瑞芳區明燈路3段25號
蘆洲分局,247,新北市蘆洲區三民路609號
延平派出所,247,新北市蘆洲區長安街108巷2號
更寮派出所,248,新北市五股區中興路2段147號
成州派出所,248,新北市五股區成泰路3段539號
龍源派出所,249,新北市八里區龍米路1段225號
五股分駐所,248,新北市五股區中興路4段67號
八里分駐所,249,新北市八里區訊塘路37號
三民派出所,247,新北市蘆洲區三民路609號
蘆洲派出所,247,新北市蘆洲區中山二路92號
德音派出所,248,新北市五股區水碓二路1號1樓
集賢派出所,247,新北市蘆洲區仁義里集賢路245號1樓
金山分局,208,新北市金山區民生路65號
中角派出所,208,新北市金山區永興里濆水7之2號
崁腳派出所,207,新北市萬里區崁腳路38號
重光派出所,208,新北市金山區重和里茅埔頭8號
乾華派出所,253,新北市石門區草里里阿里荖14之1號
野柳派出所,207,新北市萬里區野柳里港西9號
老梅派出所,253,新北市石門區老梅里老梅路26號
大鵬派出所,207,新北市萬里區大鵬里加投路81號
石門分駐所,253,新北市石門區中山路64號
金山派出所,208,新北市金山區民生路65號
萬里分駐所,207,新北市萬里區瑪鋉路153號
海山分局,220,新北市板橋區漢生東路195號
海山派出所,220,新北市板橋區漢生東路195號
新海派出所,220,新北市板橋區英士路151號
埔墘派出所,220,新北市板橋區中山路2段286號
江翠派出所,220,新北市板橋區吳鳳路50巷36號
文聖派出所,220,新北市板橋區大同街14號
桃園市政府警察局,330,桃園市桃園區縣府路3號
桃園分局,330,桃園市桃園區力行路258號
大樹派出所,330,桃園市桃園區樹仁二街41號
埔子派出所,330,桃園市桃園區文中北路2號
青溪派出所,330,桃園市桃園區鎮撫街39號
中路派出所,330,桃園市桃園區縣府路51號
景福派出所,330,桃園市桃園區民族路110號
武陵派出所,330,桃園市桃園區復興路135號
同安派出所,330,桃園市桃園區經國路799號
龍安派出所,330,桃園市桃園區國豐一街101號
大園分局,337,桃園市大園區中正西路13號
潮音派出所,337,桃園市大園區北港里9號
觀音分駐所,328,桃園市觀音區中山路14號
草漯派出所,328,桃園市觀音區大觀路2段77號
新坡派出所,328,桃園市觀音區中山路2段668號
竹圍派出所,337,桃園市大園區竹圍街10號
埔心派出所,337,桃園市大園區埔心里1號
大園派出所,337,桃園市大園區中正西路13號
三派出所,337,桃園市大園區三和路25號
蘆竹分局,338,桃園市蘆竹區南崁路175巷10-2號
南崁派出所,338,桃園市蘆竹區南崁路179號
大竹派出所,338,桃園市蘆竹區大竹路540號
南竹派出所,337,桃園市蘆竹區南竹路2段99號
外社派出所,338,桃園市蘆竹區山林路2段405號
大溪分局,335,桃園市大溪區普濟路9號
復興分駐所,336,桃園市復興區中正路2號
羅浮派出所,336,桃園市復興區羅浮里3鄰3號
榮華派出所,336,桃園市復興區高義里11鄰卡義蘭2號
巴陵派出所,336,桃園市復興區華陵里9鄰44號
奎輝派出所,336,桃園市復興區奎輝里4鄰37號
三光派出所,336,桃園市復興區三光里7鄰武道能敢32號
光華派出所,336,桃園市復興區華陵里哈嘎灣10號
霞雲派出所,336,桃園市復興區霞雲里6鄰21號
長興派出所,336,桃園市復興區長興里16鄰29號
溪內派出所,336,桃園市復興區羅浮里河流2鄰51之2號
三元派出所,335,桃園市大溪區石園路53號
圳頂派出所,335,桃園市大溪區公園路46號
內柵派出所,335,桃園市大溪區內柵路1段56號
中新派出所,335,桃園市大溪區大鶯路1479號
百吉派出所,335,桃園市大溪區福興里38號
三民派出所,336,桃園市復興區三民里水流東路43號
三層派出所,335,桃園市大溪區復興路1段890號
永福派出所,335,桃園市大溪區信義路1127號
南雅派出所,335,桃園市大溪區普濟路9號
福安派出所,335,桃園市大溪區福安里猴洞坑19之2號
慈湖分駐所,335,桃園市大溪區福安里4鄰13號
中壢分局,320,桃園市中壢區延平路607號
文化派出所,320,桃園市中壢區吉林路60號
仁愛派出所,320,桃園市中壢區華美一路101號
興國派出所,320,桃園市中壢區志廣路38號
龍興派出所,320,桃園市中壢區龍勇路141號
大崙派出所,320,桃園市中壢區中正路4段186號
中福派出所,320,桃園市中壢區南園二路86號
內壢派出所,320,桃園市中壢區中華路1段364號
普仁派出所,320,桃園市中壢區日新路20號
中壢派出所,320,桃園市中壢區延平路607號
自強派出所,320,桃園市中壢區榮民路387號
青埔派出所,320,桃園市中壢區青埔路1段67號
楊梅分局,326,桃園市楊梅區中山路123號
埔頂派出所,327,桃園市新屋區中華南路2段445號
幼獅派出所,326,桃園市楊梅區幼獅路1段458號
上湖派出所,326,桃園市楊梅區楊湖路3段239號
新屋分駐所,327,桃園市新屋區後湖里6鄰7之6號
永安派出所,327,桃園市新屋區中山西路3段62號
大坡派出所,327,桃園市新屋區大坡里94號
富岡派出所,326,桃園市楊梅區富源街22號
草湳派出所,326,桃園市楊梅區永美路237號
楊梅派出所,326,桃園市楊梅區中山路123號
平鎮分局,324,桃園市平鎮區中庸路123號
北勢派出所,324,桃園市平鎮區振平街228號
宋屋派出所,324,桃園市平鎮區延平路2段412號
平鎮派出所,324,桃園市平鎮區中庸路123號
建安派出所,324,桃園市平鎮區金陵路5段108號
龍岡派出所,320,桃園市平鎮區龍南路141號
龜山分局,333,桃園市龜山區萬壽路2段931號
龜山派出所,333,桃園市龜山區萬壽路2段931號
大林派出所,333,桃園市龜山區幸福一街38之1號
大坑派出所,333,桃園市龜山區大坑路1段876號
大埔派出所,333,桃園市龜山區文德二路80號
迴龍派出所,333,桃園市龜山區龍鳳街32巷6號1樓
坪頂派出所,333,桃園市龜山區大湖一路65號
大華派出所,333,桃園市龜山區文化七路135號
八德分局,334,桃園市八德區興豐路1216號
八德派出所,334,桃園市八德區中山路23號
廣興派出所,334,桃園市八德區廣興路829號
四維派出所,334,桃園市八德區重慶街148號
高明派出所,334,桃園市八德區永豐路160號
大安派出所,334,桃園市八德區和平路頂橋巷25號
龍潭分局,325,桃園市龍潭區干城路21號
三和派出所,325,桃園市龍潭區龍新路三和段1050號
高平派出所,325,桃園市龍潭區中豐路高平段281號
石門派出所,325,桃園市龍潭區文化路230號
中興派出所,325,桃園市龍潭區武漢路45號
龍潭派出所,325,桃園市龍潭區大昌路1段277號
聖亭派出所,325,桃園市龍潭區干城路21號
新竹縣政府警察局,302,新竹縣竹北市光明六路12號
竹東分局,310,新竹縣竹東鎮康寧街93號
竹東派出所,310,新竹縣竹東鎮康寧街93號
五峰分駐所,311,新竹縣五峰鄉大隘村6鄰96號
羅山派出所,311,新竹縣五峰鄉竹林村1鄰羅山20號
茅圃派出所,311,新竹縣五峰鄉大隘村22鄰435號
清泉派出所,311,新竹縣五峰鄉桃山村2鄰桃山20號
桃山派出所,311,新竹縣五峰鄉桃山村2鄰桃山20號
雲山派出所,311,新竹縣五峰鄉桃山村清泉12鄰202之3號
花園派出所,311,新竹縣五峰鄉花園村5鄰93號
寶山分駐所,308,新竹縣寶山鄉雙溪村三峰路2段636號
上坪派出所,310,新竹縣竹東鎮上坪里7鄰86號
新城派出所,308,新竹縣寶山鄉新城村寶新路2段658號
楓橋派出所,308,新竹縣寶山鄉寶山村新湖路1段415號
富興派出所,315,新竹縣峨眉鄉富興村太平街4號
二重埔派出所,310,新竹縣竹東鎮中興路3段95號
北埔分駐所,314,新竹縣北埔鄉南興村南興街70號
峨眉分駐所,315,新竹縣峨眉鄉峨眉村峨嵋街1號
下公館派出所,310,新竹縣竹東鎮中豐路1段88號
竹北分局,302,新竹縣竹北市博愛街16號
豐田派出所,302,新竹縣竹北市中正西路1550號
鳳岡派出所,302,新竹縣竹北市鳳岡路3段238號
六家派出所,302,新竹縣竹北市自強北路81號
竹北派出所,302,新竹縣竹北市中華路383號
三民派出所,302,新竹縣竹北市三民路345號
高鐵派出所,302,新竹縣竹北市隘口二路175號
新湖分局,303,新竹縣湖口鄉中正路2段26號
山崎派出所,304,新竹縣新豐鄉員山村松林街8號
新豐分駐所,304,新竹縣新豐鄉重興村建與路2段788號
後湖派出所,304,新竹縣新豐鄉後湖村6鄰後湖子115號
湖口分駐所,303,新竹縣湖口鄉中正路2段26號
湖鏡派出所,303,新竹縣湖口鄉湖口村八德路2段142巷11號
新工派出所,303,新竹縣湖口鄉鳳凰村文化路172號
橫山分局,312,新竹縣橫山鄉新興村新興街103號
橫山派出所,312,新竹縣橫山鄉新興村新興街103號
芎林分駐所,307,新竹縣芎林鄉文山路349號
秀湖派出所,307,新竹縣芎林鄉秀湖村五和街5號
新樂派出所,313,新竹縣尖石鄉新樂村1鄰水田30號
橫村派出所,312,新竹縣橫山鄉橫山村1鄰治安街1號
玉峰派出所,311,新竹縣五峰鄉玉峰村5鄰玉峰55號
宇老派出所,313,新竹縣尖石鄉玉峰村1鄰宇老1號
秀巒派出所,313,新竹縣尖石鄉秀巒村4鄰控溪20號
內灣派出所,312,新竹縣橫山鄉內灣村4鄰141號
那羅派出所,313,新竹縣尖石鄉錦屏村8鄰那羅41號
沙坑派出所,312,新竹縣橫山鄉沙坑村6鄰中豐路3段10巷1號
梅花派出所,313,新竹縣尖石鄉梅花村1鄰梅花26號
尖石分駐所,313,新竹縣尖石鄉嘉樂村2鄰麥樹仁41號
嘉樂派出所,313,新竹縣尖石鄉嘉樂村2鄰麥樹仁41號
泰崗派出所,313,新竹縣尖石鄉秀巒村7鄰泰岡88號
新埔分局,305,新竹縣新埔鎮中正路475號
新埔派出所,305,新竹縣新埔鎮中正路475號
錦山派出所,306,新竹縣關西鎮錦山里2鄰21號
玉山派出所,306,新竹縣關西鎮錦山里2鄰21號
東安派出所,306,新竹縣關西鎮中山東路100號
南華派出所,306,新竹縣關西鎮中山東路100號
關西分駐所,306,新竹縣關西鎮中央街2號
褒忠派出所,305,新竹縣新埔鎮下寮里12鄰義民路3段329號
寶石派出所,305,新竹縣新埔鎮寶石里文德路2段599號
照門派出所,305,新竹縣新埔鎮照門里9鄰照鏡26號
石光派出所,306,新竹縣關西鎮石光里9鄰392號
坪林派出所,306,新竹縣關西鎮石光里9鄰392號
新竹市警察局,300,新竹市北區中山路1號
第一分局,300,新竹市北區竹光路290號
湳雅派出所,300,新竹市北區湳雅街116號
樹林頭派出所,300,新竹市北區竹光路290號
南寮派出所,300,新竹市北區東大路3段541號
北門派出所,300,新竹市北區北大路218號
西門派出所,300,新竹市北區中山路300號
第二分局,300,新竹市東區光復路2段798號
文華派出所,300,新竹市東區經國路1段488號
關東橋派出所,300,新竹市東區介壽路200號
埔頂派出所,300,新竹市東區光復路1段568號
東勢派出所,300,新竹市東區光復路2段798號
東門派出所,300,新竹市東區東門街87號
第三分局,300,新竹市香山區牛埔路432號
中華派出所,300,新竹市香山區大庄路105號
青草湖派出所,300,新竹市東區明湖路666號
朝山派出所,300,新竹市香山區中華路5段690號
香山派出所,300,新竹市香山區牛埔路432號
南門派出所,300,新竹市東區勝利路85號
苗栗縣警察局,360,苗栗縣苗栗市府前路2號
苗栗分局,360,苗栗縣苗栗市金鳳街109號
明德派出所,362,苗栗縣頭屋鄉明德路131號
鯉魚派出所,367,苗栗縣三義鄉鯉魚口54-1號
福基派出所,363,苗栗縣公館鄉福基村5鄰133號
龍騰派出所,367,苗栗縣三義鄉伯公坑41-1號
雞隆派出所,366,苗栗縣銅鑼鄉新隆村2鄰20號
鶴岡派出所,363,苗栗縣公館鄉鶴山村7鄰232號
頭屋分駐所,362,苗栗縣頭屋鄉象山村7鄰象山路82-1號
銅鑼分駐所,366,苗栗縣銅鑼鄉銅鑼村中正路122號
文山派出所,360,苗栗縣苗栗市至公路557號
公館分駐所,363,苗栗縣公館鄉大同路181號
北苗派出所,360,苗栗縣苗栗市為公路227號
南苗派出所,360,苗栗縣苗栗市信義街60號
三義分駐所,367,苗栗縣三義鄉廣盛村廣盛90號
竹南分局,350,苗栗縣竹南鎮民族街72號
大山派出所,356,苗栗縣後龍鎮灣寶里5鄰93號
外埔派出所,356,苗栗縣後龍鎮海埔5號
中港海口派出所,350,苗栗縣竹南鎮明勝路263號
聯港派出所,356,苗栗縣後龍鎮津龍里5鄰公司寮59號
談文派出所,361,苗栗縣造橋鄉談文村8鄰51-16號
新港派出所,360,苗栗縣後龍鎮建興路111號
南勢派出所,360,苗栗縣後龍鎮南勢山1鄰15-10號
造橋分駐所,361,苗栗縣造橋鄉平仁路51號
竹南派出所,350,苗栗縣竹南鎮民族街72號
後龍分駐所,356,苗栗縣後龍鎮三民路107號
大同派出所,350,苗栗縣竹南鎮公義路931號
大湖分局,364,苗栗縣大湖鄉中正路78號
坪林派出所,369,苗栗縣卓蘭鎮坪林里5鄰坪林50號
百壽派出所,354,苗栗縣獅潭鄉百壽村7鄰39-1號
觀霧派出所,365,苗栗縣泰安鄉梅園村觀霧1號
大興派出所,365,苗栗縣泰安鄉大興村24號
泰安分駐所,365,苗栗縣泰安鄉清安村1鄰19號
汶水派出所,354,苗栗縣獅潭鄉竹木村16鄰24號
獅潭分駐所,354,苗栗縣獅潭鄉新店村7鄰63號
龍山派出所,365,苗栗縣泰安鄉錦水村10鄰橫龍山52號
八卦派出所,365,苗栗縣泰安鄉錦水村10鄰橫龍山52號
大湖派出所,364,苗栗縣大湖鄉中正路78號
和興派出所,354,苗栗縣獅潭鄉和興村12鄰27號
大安派出所,365,苗栗縣泰安鄉象鼻村1鄰22號
校林派出所,364,苗栗縣大湖鄉栗林村5鄰四份62-1號
南湖派出所,364,苗栗縣大湖鄉南昌路132號
梅園派出所,365,苗栗縣泰安鄉梅園村6鄰天狗32號
卓蘭分駐所,369,苗栗縣卓蘭鎮中山路106號
象鼻派出所,365,苗栗縣泰安鄉象鼻村1鄰象鼻12號
中興派出所,365,苗栗縣泰安鄉中興村1鄰長橋9號
通霄分局,357,苗栗縣通霄鎮中正路16號
埔口派出所,357,苗栗縣通霄鎮中山路260號
中和派出所,357,苗栗縣通霄鎮南和里9鄰112號
白沙派出所,357,苗栗縣通霄鎮白東里17鄰133號
高湖派出所,368,苗栗縣西湖鄉五福村6鄰97號
通霄派出所,357,苗栗縣通霄鎮中正路16號
苑裡分駐所,358,苗栗縣苑裡鎮天下路84號
西湖分駐所,368,苗栗縣西湖鄉金獅村2鄰金獅26-6號
社苓派出所,358,苗栗縣苑裡鎮玉田里5鄰62之3號
烏眉派出所,357,苗栗縣通霄鎮烏眉里4鄰41號
山腳派出所,358,苗栗縣苑裡鎮山腳里389號
頭份分局,351,苗栗縣頭份市蟠桃里中興路503號
頭份派出所,351,苗栗縣頭份市蟠桃里中興路503號
大河派出所,352,苗栗縣三灣鄉大河村6鄰大河48號
蓬萊派出所,353,苗栗縣南庄鄉蓬萊村7鄰90號
東河派出所,353,苗栗縣南庄鄉東河村5鄰50號
田美派出所,353,苗栗縣南庄鄉獅山村4鄰106號
陸家派出所,353,苗栗縣南庄鄉東河村24鄰鹿場2號
南埔派出所,353,苗栗縣南庄鄉南富村13鄰14號
斗坪派出所,351,苗栗縣頭份市斗煥里中正二路215號
尖山派出所,351,苗栗縣頭份市廣興里中華路160號
南庄分駐所,353,苗栗縣南庄鄉東村大同路27號
三灣分駐所,352,苗栗縣三灣鄉中正路254號
臺中市政府警察局,407,臺中市西屯區文心路2段588號
第一分局,403,臺中市西區三民路1段178號
西區分駐所,403,臺中市西區三民路1段178號
公益派出所,403,臺中市西區精誠二十三街30號
民權派出所,403,臺中市西區民權路258號
大誠分駐所,400,臺中市中區成功路302號
繼中派出所,400,臺中市中區中山路9號
第二分局,404,臺中市北區太原路2段228號
永興派出所,404,臺中市北區太原路2段228號
立人派出所,404,臺中市北區天津路1段2號
育才派出所,404,臺中市北區三民路3段128號
文正派出所,404,臺中市北區中正路440號
公園派出所,404,臺中市北區雙十路1段65號
第三分局,402,臺中市南區復興路3段157號
東區分駐所,401,臺中市東區進化路16號
合作派出所,401,臺中市東區力行路202號
立德派出所,401,臺中市東區振興路6號
勤工派出所,402,臺中市南區復興路1段235號
健康派出所,402,臺中市南區美村南路8號
正義派出所,402,臺中市南區復興路3段159號
第四分局,408,臺中市南屯區向心南路811號
黎明派出所,408,臺中市南屯區干城街2號
春社派出所,408,臺中市南屯區忠勇路23之5號
南屯派出所,408,臺中市南屯區黎明路1段1056號
大墩派出所,408,臺中市南屯區大墩路229號
第五分局,406,臺中市北屯區崇德路3段2號
文昌派出所,406,臺中市北屯區文昌東三街48號
東山派出所,406,臺中市北屯區東山路2段30號
四平派出所,406,臺中市北屯區昌平路2段63號
水湳派出所,406,臺中市北屯區中清路99號
北屯派出所,406,臺中市北屯區北屯路106號
松安派出所,406,臺中市北屯區松竹路2段5號
第六分局,407,臺中市西屯區市政路456號
市政派出所,407,臺中市西屯區市政路456號
西屯派出所,407,臺中市西屯區西屯路3段40號
何安派出所,407,臺中市西屯區甘肅路106號
協和派出所,407,臺中市西屯區臺灣大道4段1347號
工業區派出所,407,臺中市西屯區工業五路2之1號
永福派出所,407,臺中市西屯區福科路372號
大甲分局,437,臺中市大甲區文武路1號
大甲派出所,437,臺中市大甲區大甲里文武路1號
安定派出所,438,臺中市外埔區土城路110號
日南派出所,437,臺中市大甲區中山路2段165號
月眉派出所,421,臺中市后里區三月路19號
西岐派出所,437,臺中市大甲區順帆路94號
泰安派出所,421,臺中市后里區安眉路1號
海墘派出所,439,臺中市大安區大安港路1160號
義里派出所,421,臺中市后里區三豐路209號
后里分駐所,421,臺中市后里區公安路88號
外埔分駐所,438,臺中市外埔區六分路350號
大安分駐所,439,臺中市大安區中山南路300號
和平分局,424,臺中市和平區東關路3段154號
天輪派出所,424,臺中市和平區東關路2段33號
德基派出所,424,臺中市和平區和平路2段16之1號
環山派出所,424,臺中市和平區中興路3段48號
雙崎派出所,424,臺中市和平區東崎路2段39號
桃山派出所,424,臺中市和平區東崎路1段桃山巷7之2號
大棟派出所,424,臺中市和平區雪山路2號
勝光派出所,424,臺中市和平區平等村中興路1段21號
志良派出所,424,臺中市和平區中興路2段47號
竹林派出所,424,臺中市和平區東崎路1段89號
梨山分駐所,424,臺中市和平區中正路103號
松茂派出所,424,臺中市和平區中興路4段54號
和平派出所,424,臺中市和平區東關路3段270號
谷關派出所,424,臺中市和平區博愛村東關路1段125號
雪山派出所,424,臺中市和平區雪山路10號
烏日分局,414,臺中市烏日區中山路3段309號
烏日派出所,414,臺中市烏日區中山路2段309號
龍津派出所,434,臺中市龍井區中央路1段165巷36號
五光派出所,414,臺中市烏日區五光路281號
龍井分駐所,434,臺中市龍井區沙田路4段245號
溪南派出所,414,臺中市烏日區溪南路2段638號
龍東派出所,434,臺中市龍井區茄投路67號
麗水派出所,434,臺中市龍井區臨港東路2段317號
犁份派出所,434,臺中市龍井區遊園南路194號
追分派出所,432,臺中市大肚區沙田路1段290號
大肚分駐所,432,臺中市大肚區沙田路3段38號
瑞井派出所,432,臺中市大肚區遊園路1段1之1號
三和派出所,414,臺中市烏日區三榮八路25號
東勢分局,423,臺中市東勢區豐勢路512號
東勢派出所,423,臺中市東勢區豐勢路512號
茅埔派出所,423,臺中市東勢區下城里下城街36號
東興派出所,426,臺中市新社區興社街1段285號
土牛派出所,422,臺中市石岡區豐勢路19號
中坑派出所,423,臺中市東勢區東坑路665號
永源派出所,426,臺中市新社區中和街1段20號
石城派出所,423,臺中市東勢區石城街297號
福中派出所,426,臺中市新社區美林45號
石岡分駐所,422,臺中市石岡區豐勢路1021號
新社分駐所,426,臺中市新社區興社街2段28之3號
清水分局,436,臺中市清水區鰲峰路23號
清水派出所,436,臺中市清水區鰲峰路23號
大楊派出所,436,臺中市清水區神清路46號
大秀派出所,436,臺中市清水區五權路438號
安寧派出所,435,臺中市梧棲區中棲路2段18號
高美派出所,433,臺中市清水區護岸路29號
明秀派出所,433,臺中市沙鹿區鎮南路1段450號
光華派出所,433,臺中市沙鹿區光華路387號
清泉派出所,433,臺中市沙鹿區中清路2之39號
梧棲分駐所,435,臺中市梧棲區中興路210號
沙鹿分駐所,433,臺中市沙鹿區鎮政路12號
三田派出所,436,臺中市清水區中山路559號
豐原分局,420,臺中市豐原區葫蘆里中山路225號
豐洲派出所,420,臺中市豐原區豐洲里豐洲路489號
頭家派出所,427,臺中市潭子區得天南街37巷57號
潭北派出所,427,臺中市潭子區潭子街3段56號
合作派出所,420,臺中市豐原區育英路52號
馬岡派出所,428,臺中市大雅區雅潭路150號
豐東派出所,420,臺中市豐原區豐東路162號
社口派出所,429,臺中市神岡區中正路516號
翁子派出所,420,臺中市豐原區豐勢路2段10號
神岡分駐所,429,臺中市神岡區神岡路121號
大雅分駐所,428,臺中市大雅區中清東路226號
潭子分駐所,427,臺中市潭子區中山路2段241巷3號
頂街派出所,420,臺中市豐原區東北街1-1號
豐原派出所,420,臺中市豐原區西安街21號
霧峰分局,413,臺中市霧峰區中正路1236號
國光派出所,412,臺中市大里區永大街5號
十九甲派出所,412,臺中市大里區立元路115號
霧峰派出所,413,臺中市霧峰區民權街37號
萬豐派出所,413,臺中市霧峰區中正路161號
大里分駐所,412,臺中市大里區新興路5號
吉峰派出所,413,臺中市霧峰區中正路1236號
內新派出所,412,臺中市大里區中興路2段598號
成功派出所,412,臺中市大里區成功路9號
仁化派出所,412,臺中市大里區仁化路198號
四德派出所,413,臺中市霧峰區四德路541號
太平分局,411,臺中市太平區中山路1段215號
太平派出所,411,臺中市太平區中興東路21號
新平派出所,411,臺中市太平區新高里中山路4段2號
宏龍派出所,411,臺中市太平區光興路900號
頭汴派出所,411,臺中市太平區長龍路2段11巷2號
坪林派出所,411,臺中市太平區中山路1段215號
南投縣政府警察局,540,南投縣南投市南崗二路133號
南投分局,540,南投縣南投市彰南路2段109號
南投派出所,540,南投縣南投市彰南路2段109號
永和派出所,551,南投縣名間鄉大庄村南田路138號
赤水派出所,551,南投縣名間鄉赤水村南田路291號
崁峰派出所,551,南投縣名間鄉崁腳村名松路1段309號
名間分駐所,551,南投縣名間鄉中正村彰南路30號
新佳派出所,551,南投縣名間鄉新街村彰南路422號
鳳鳴派出所,540,南投縣南投市八卦路837號
半山派出所,540,南投縣南投市平山里新市路51號
中興分局,540,南投縣南投市光華路115號
中興派出所,540,南投縣南投市光華路115號
永清派出所,540,南投縣南投市南營路745號
光明派出所,540,南投縣南投市光明路35號
府西派出所,540,南投縣南投市虎山路15號
仁愛分局,546,南投縣仁愛鄉大同村仁和路87號
霧社派出所,546,南投縣仁愛鄉大同村仁和路87號
翠巒派出所,546,南投縣仁愛鄉力行村翠巒路23號
親愛派出所,546,南投縣仁愛鄉親愛村高平路4號
春陽派出所,546,南投縣仁愛鄉春陽村永樂巷57號
中原派出所,546,南投縣仁愛鄉互助村中華路76號
眉原派出所,546,南投縣仁愛鄉互助村中華路76號
清流派出所,546,南投縣仁愛鄉互助村中華路76號
瑞岩派出所,546,南投縣仁愛鄉發祥村光復巷21號
南豐派出所,546,南投縣仁愛鄉南豐村中正路119之1號
榮興派出所,546,南投縣仁愛鄉榮興村碧綠巷24號
過坑派出所,546,南投縣仁愛鄉中正村平等巷118號
平靜派出所,546,南投縣仁愛鄉精英村法觀路18號
靜觀派出所,546,南投縣仁愛鄉精英村法觀路18號
紅香派出所,546,南投縣仁愛鄉發祥村仁盛路22號
松岡派出所,546,南投縣仁愛鄉大同村仁和路135號
華崗派出所,546,南投縣仁愛鄉翠華村華崗119之2號
望洋派出所,546,南投縣仁愛鄉力行村新望洋68號
廬山派出所,546,南投縣仁愛鄉精英村榮華巷43號
武界派出所,546,南投縣仁愛鄉法治村界山巷4號
萬豐派出所,546,南投縣仁愛鄉法治村界山巷4號
翠峰派出所,546,南投縣仁愛鄉大同村仁和路220號
信義分局,556,南投縣信義鄉明德村玉山路49號
信義派出所,556,南投縣信義鄉明德村玉山路49號
久美派出所,556,南投縣信義鄉望美村美信巷55號
潭南派出所,556,南投縣信義鄉潭南村和平巷47號
豐丘派出所,556,南投縣信義鄉豐丘村高平巷8號
新鄉派出所,556,南投縣信義鄉新鄉村新鄉路105號
東埔派出所,556,南投縣信義鄉東埔村開高巷56號
雙龍派出所,556,南投縣信義鄉雙龍村光復巷33號
羅娜派出所,556,南投縣信義鄉羅娜村信筆巷66號
人倫派出所,556,南投縣信義鄉人和村民生巷9號
青雲派出所,556,南投縣信義鄉地利村開信巷14號
和社派出所,556,南投縣信義鄉同富村同和巷6號
埔里分局,545,南投縣埔里鎮中山路2段235號
埔里派出所,545,南投縣埔里鎮中山路2段235號
鯉潭派出所,545,南投縣埔里鎮中山路1段319號
桃米派出所,545,南投縣埔里鎮桃米里桃米巷48號
合成派出所,545,南投縣埔里鎮合成里西安路3段225號
梅林派出所,544,南投縣國姓鄉北港村國姓路48號
長流派出所,544,南投縣國姓鄉長流村大長路351號
長壽派出所,544,南投縣國姓鄉福龜村中正路1段157號
北山派出所,544,南投縣國姓鄉中正路4段153-1號
國姓分駐所,544,南投縣國姓鄉石門里國姓路265號
史港派出所,545,南投縣埔里鎮史港里西安路2段355號
愛蘭派出所,545,南投縣埔里鎮鐵山路118號
隆生派出所,545,南投縣埔里鎮南環路400號
草屯分局,542,南投縣草屯鎮中正路571號
上林派出所,542,南投縣草屯鎮草溪路136之2號
雙冬派出所,542,南投縣草屯鎮中正路46號
復興派出所,542,南投縣草屯鎮碧山路755號
爽文派出所,541,南投縣中寮鄉爽文村龍南路189號
中寮分駐所,541,南投縣中寮鄉永平村永平路278號
豐城派出所,542,南投縣草屯鎮中正路216號
新光派出所,542,南投縣草屯鎮芬草路2段412號
草屯派出所,542,南投縣草屯鎮中山里草鞋墩一街10號
中正派出所,542,南投縣草屯鎮中正路571號
竹山分局,557,南投縣竹山鎮集山路3段968號
竹山派出所,557,南投縣竹山鎮集山路3段968號
頂林派出所,557,南投縣竹山鎮頂林路399號
溪頭派出所,558,南投縣鹿谷鄉內湖村與產路1之20號
瑞竹派出所,557,南投縣竹山鎮鯉南路293號
中和派出所,557,南投縣竹山鎮前山路2段119號
過溪派出所,557,南投縣竹山鎮鯉南路172號
桶頭派出所,557,南投縣竹山鎮鯉南路319號
秀峰派出所,558,南投縣鹿谷鄉秀峰村仁愛路174號
竹林派出所,558,南投縣鹿谷鄉光復路106號
鳳凰派出所,558,南投縣鹿谷鄉鳳凰村新進巷1號
鹿谷分駐所,558,南投縣鹿谷鎮鹿谷村中正路2段76號
社寮派出所,557,南投縣竹山鎮社寮里集山路1段1694號
延平派出所,557,南投縣竹山鎮延和里集山路3段22號
杉林派出所,557,南投縣竹山鎮大鞍里溪山路5號
集集分局,552,南投縣集集鎮民生路63號
集集派出所,552,南投縣集集鎮民生路63號
郡坑分駐所,553,南投縣水里鄉郡坑村1鄰水信路二段80號
東光派出所,555,南投縣魚池鄉東光村慶隆巷32號
五城派出所,555,南投縣魚池鄉五城村五城巷24號
車埕派出所,553,南投縣水里鄉車埕村民權巷108號
頭社派出所,555,南投縣魚池鄉頭社村平和巷145號
德化派出所,555,南投縣魚池鄉日月村中正路288號
日月潭派出所,555,南投縣魚池鄉水社村中山路144號
魚池分駐所,555,南投縣魚池鄉魚池村魚池街358號
水里分駐所,553,南投縣水里鄉北埔村博愛街260號
隘寮派出所,552,南投縣集集鎮田寮里龍泉巷25號
彰化縣警察局,500,彰化縣彰化市中正路2段778號
彰化分局,500,彰化縣彰化市民生路234號
縣庄派出所,502,彰化縣芬園鄉圳墘村彰南路2段131號
安山派出所,502,彰化縣芬園鄉大彰路3段194號
中正派出所,500,彰化縣彰化市西勢街150號
中華路派出所,500,彰化縣彰化市中華路193號
民生路派出所,500,彰化縣彰化市民生路322號
民族路派出所,500,彰化縣彰化市西安里民族路326號
莿桐派出所,500,彰化縣彰化市彰鹿路6號
泰和派出所,500,彰化縣彰化市泰和路2段399號
大竹派出所,500,彰化縣彰化市彰南路2段160號
快官派出所,500,彰化縣彰化市彰南路5段26號
三家派出所,503,彰化縣花壇鄉三春村彰員路1段565號
花壇分駐所,503,彰化縣花壇鄉長沙村中正路1號
芬園分駐所,502,彰化縣芬園鄉社口村彰南路4段175號
八卦山派出所,500,彰化縣彰化市中山路2段456號
芳苑分局,526,彰化縣芳苑鄉三合村斗苑路三合段522號
漢寶派出所,528,彰化縣芳苑鄉漢寶村草漢路漢寶段495號
二林分駐所,526,彰化縣二林鎮斗苑路5段110號
萬興派出所,526,彰化縣二林鎮二溪路6段395號
原斗派出所,526,彰化縣二林鎮斗苑路1段917號
竹塘分駐所,525,彰化縣竹塘鄉竹塘村竹林路1段255號
永安派出所,525,彰化縣竹塘鄉永安村東陽路2段221號
大城分駐所,527,彰化縣大城鄉東城村東平路114號
西港派出所,527,彰化縣大城鄉東港村中央路10號
芳苑派出所,528,彰化縣芳苑鄉仁愛村芳新路20號
路上派出所,528,彰化縣芳苑鄉路平村上林路路上段338號
草湖派出所,528,彰化縣芳苑鄉建平村二溪路草2段272號
王功派出所,528,彰化縣芳苑鄉王功村芳漢路王功段600號
北斗分局,521,彰化縣北斗鎮光復路215號
北斗派出所,521,彰化縣北斗鎮光復路215號
田尾分駐所,522,彰化縣田尾鄉田尾村光復路3段138號
海豐派出所,522,彰化縣田尾鄉陸豐村民生路3段280號
埤頭分駐所,523,彰化縣埤頭鄉合興村斗苑西路305號
中和派出所,523,彰化縣埤頭鄉中和村溪林路337號
溪州分駐所,524,彰化縣溪州鄉溪州村中山路3段292號
三條派出所,524,彰化縣溪州鄉三條村南九甲巷5號
成功派出所,524,彰化縣溪州鄉成功村庄中路20號
和美分局,508,彰化縣和美鎮彰美路5段328號
和美派出所,508,彰化縣和美鎮彰美路5段328號
大霞派出所,508,彰化縣和美鎮彰和路3段420號
嘉犁派出所,508,彰化縣和美鎮彰美路3段418號
中寮派出所,508,彰化縣和美鎮彰新路3段10號
塗厝派出所,508,彰化縣和美鎮塗厝里和厝路2段341號
伸港分駐所,509,彰化縣伸港鄉大同村中興路2段197號
線西分駐所,507,彰化縣線西鄉寓埔村中央路2段65號
鹿港分局,505,彰化縣鹿港鎮東興路300號
馬鳴派出所,504,彰化縣秀水鄉鶴鳴村彰鹿路98號
鹿港派出所,505,彰化縣鹿港鎮中山路300號
和興派出所,505,彰化縣鹿港鎮中山路108號
海埔派出所,505,彰化縣鹿港鎮鹿草路2段909號
草港派出所,505,彰化縣鹿港鎮草中里草港巷125號
頂番派出所,505,彰化縣鹿港鎮溝墘巷183弄15號
福興分駐所,506,彰化縣福興鄉橋頭村彰鹿路7段489號
洪堀派出所,506,彰化縣福興鄉秀厝村福三路3段468號
外中派出所,506,彰化縣福興鄉外中村外中街237號
秀水分駐所,504,彰化縣秀水鄉福安村復新街9號
秀安派出所,504,彰化縣秀水鄉安溪村安溪街57號
溪湖分局,514,彰化縣溪湖鎮青雅路88號
溪湖派出所,514,彰化縣溪湖鎮員鹿路3段262號
媽厝派出所,514,彰化縣溪湖鎮媽厝里湳底路60號
埔心分駐所,513,彰化縣埔心鄉義民村員鹿路2段424號
舊館派出所,513,彰化縣埔心鄉舊館村員鹿路4段182號
埔鹽分駐所,516,彰化縣埔鹽鄉好修村員鹿路2段160號
埔東派出所,516,彰化縣埔鹽鄉埔鹽村中正路48號
員林分局,510,彰化縣員林市大同路1段319號
員林派出所,510,彰化縣員林市大同路1段319號
莒光派出所,510,彰化縣員林市員大路一段17號
永靖分駐所,512,彰化縣永靖鄉永東村中山路2段17號
大村分駐所,515,彰化縣大村鄉大村村茄苳路1段50號
林厝派出所,510,彰化縣員林市山腳路1段462號
東山派出所,510,彰化縣員林市山腳路4段2號
村上派出所,515,彰化縣大村鄉村上村中山路2段246號
同安派出所,512,彰化縣永靖鄉同安村永福路1段692號
田中分局,520,彰化縣田中鎮興酪路1段299號
田中派出所,520,彰化縣田中鎮斗中路1段6號
二水分駐所,530,彰化縣二水鄉裕民村員集路3段451號
社頭分駐所,511,彰化縣社頭鄉社頭村員集路2段210號
朝興派出所,511,彰化縣社頭鄉朝興村水源路12號
內安派出所,520,彰化縣田中鎮中南路2段601號
源泉派出所,530,彰化縣二水鄉倡和村員集路1段410之1號
雲林縣警察局,640,雲林縣斗六市大學路3段100號
北港分局,651,雲林縣北港鎮文仁路12號
金湖派出所,653,雲林縣口湖鄉三民路1號
宏仁派出所,652,雲林縣水林鄉宏仁路77號
蔦松派出所,652,雲林縣水林鄉蔦松路200-1號
土厝派出所,652,雲林縣水林鄉土厝村17鄰大庄46號
下崙派出所,653,雲林縣口湖鄉中山路59號
梧派出所,653,雲林縣口湖鄉光明路124號
水林分駐所,652,雲林縣水林鄉水林路60號
口湖分駐所,653,雲林縣口湖鄉中正路1段280號
好收派出所,651,雲林縣北港鎮好收路23號
北辰派出所,651,雲林縣北港鎮華勝路399號
北港派出所,651,雲林縣北港鎮義民路49號
臺西分局,636,雲林縣台西鄉中山路108號
臺西派出所,636,雲林縣台西鄉中山路108號
崙豐派出所,636,雲林縣台西鄉崙豐路194號
安南派出所,635,雲林縣東勢鄉安南路106號
飛沙派出所,653,雲林縣四湖鄉內湖村11鄰頂桂山110號
林厝派出所,653,雲林縣四湖鄉中華路25號
三崙派出所,653,雲林縣四湖鄉中山路54號
東勢分駐所,635,雲林縣東勢鄉東勢東路83號
麥寮分駐所,638,雲林縣麥寮鄉中山路208號
四湖分駐所,654,雲林縣四湖鄉中山西路205號
橋頭派出所,638,雲林縣麥寮鄉仁德路234號
斗南分局,630,雲林縣斗南鎮文昌路500號
四維派出所,630,雲林縣斗南鎮中和路77號
新崙派出所,630,雲林縣斗南鎮埤麻里6鄰新厝67號
東和派出所,646,雲林縣古坑鄉文化路137號
華山派出所,646,雲林縣古坑鄉華山路50號
樟湖派出所,646,雲林縣古坑鄉樟湖村2鄰樟湖14號
怡美派出所,631,雲林縣大埤鄉怡美路56號
建國派出所,630,雲林縣斗南鎮阿丹里6鄰阿丹1號
新光派出所,630,雲林縣斗南鎮延平路1段222號
草嶺派出所,646,雲林縣古坑鄉草嶺村7鄰草嶺38號
永光派出所,646,雲林縣古坑鄉光昌路58號
大埤分駐所,631,雲林縣大埤鄉中山路102號
古坑分駐所,646,雲林縣古坑鄉中山路393之1號
斗南派出所,630,雲林縣斗南鎮中山路11號
斗六分局,640,雲林縣斗六市中山路88號
溝埧派出所,640,雲林縣斗六市仁義路89之16號
梅林派出所,640,雲林縣斗六市梅林路392號
長安派出所,640,雲林縣斗六市長安西路2號
饒平派出所,647,雲林縣莿桐鄉饒平路179號
重興派出所,643,雲林縣林內鄉重興村16鄰重興70號
長平派出所,640,雲林縣斗六市長平路17號
莿桐分駐所,647,雲林縣莿桐鄉中山路170號
林內分駐所,643,雲林縣林內鄉中山路1號
榴中派出所,640,雲林縣斗六市石榴路81號
公正派出所,640,雲林縣斗六市大學路1段637號
斗六派出所,640,雲林縣斗六市中正路9號
西螺分局,648,雲林縣西螺鎮公正路213號
和心派出所,648,雲林縣西螺鎮埔心路146號
吳厝派出所,648,雲林縣西螺鎮吳厝里3鄰吳庴51號
永定派出所,649,雲林縣二崙鄉永定路372號
豐榮派出所,637,雲林縣崙背鄉豐榮村1鄰豐榮2號
埤源派出所,648,雲林縣西螺鎮埤頭里10鄰埤頭75號
崙背分駐所,637,雲林縣崙背鄉民權路114號
二崙分駐所,649,雲林縣二崙鄉中興路3號
油車派出所,649,雲林縣二崙鄉文化路8號
西螺派出所,648,雲林縣西螺鎮公正路213號
虎尾分局,632,雲林縣虎尾鎮光復路151號
惠來派出所,632,雲林縣虎尾鎮惠來路100號
埒內派出所,632,雲林縣虎尾鎮埒內里5鄰埒內45號
東屯派出所,632,雲林縣虎尾鎮大屯路143號
鹿寮派出所,655,雲林縣元長鄉中央路19號
龍岩派出所,634,雲林縣褒忠鄉中新路1號
客厝派出所,655,雲林縣元長鄉客厝村7鄰客庴63號
褒忠分駐所,634,雲林縣褒忠鄉中正路274號
土庫分駐所,633,雲林縣土庫鎮中山路245號
元長分駐所,655,雲林縣元長鄉中山路124之2號
馬光派出所,633,雲林縣土庫鎮馬光路64號
虎尾派出所,632,雲林縣虎尾鎮光復路151號
嘉義縣警察局,612,嘉義縣太保市祥和一路東段3號
中埔分局,606,嘉義縣中埔鄉中埔村中正路66號
中埔派出所,606,嘉義縣中埔鄉中埔村中正路66號
東興派出所,606,嘉義縣中埔鄉東興村凍子腳17號
觸口派出所,602,嘉義縣番路鄉觸口村觸口147號
公田派出所,602,嘉義縣番路鄉公田村隙頂100號
頂六派出所,606,嘉義縣中埔鄉富收村頂中下街60號
同仁派出所,606,嘉義縣中埔鄉同仁村同仁99號
義仁派出所,606,嘉義縣中埔鄉隆興村汴頭11號
大埔分駐所,607,嘉義縣大埔鄉大埔村大埔134號
番路分駐所,602,嘉義縣番路鄉下坑村菜公店27號
三和派出所,606,嘉義縣中埔鄉和興村中華路827號
布袋分局,625,嘉義縣布袋鎮光復里自由路3號
新店派出所,624,嘉義縣義竹鄉新店村1號
過路派出所,624,嘉義縣義竹鄉西過村301號
光榮派出所,624,嘉義縣義竹鄉東光村7號
義竹分駐所,624,嘉義縣義竹鄉仁里村359之5號
新塭派出所,625,嘉義縣布袋鎮新民路293號
景山派出所,625,嘉義縣布袋鎮東港里埔仔庴34號
過溝派出所,625,嘉義縣布袋鎮中安里110號
布袋派出所,625,嘉義縣布袋鎮光復里自由路3號1樓
朴子分局,613,嘉義縣朴子市光復路33號
朴子派出所,613,嘉義縣朴子市光復路33號
雙溪派出所,613,嘉義縣朴子市溪口里145號
松梅派出所,613,嘉義縣朴子市梅華里牛挑灣108號
六美派出所,615,嘉義縣六腳鄉港美村28號
北美派出所,615,嘉義縣六腳鄉崙陽村崙子183號
永竹派出所,615,嘉義縣六腳鄉竹本村9之26號
六家派出所,615,嘉義縣六腳鄉六腳村5號
六腳分駐所,615,嘉義縣六腳鄉蒜頭村75號
龍崗派出所,614,嘉義縣東石鄉東崙村62號
下楫派出所,614,嘉義縣東石鄉下楫村137號
三江派出所,614,嘉義縣東石鄉三家村1號
東石分駐所,614,嘉義縣東石鄉東石村36號
竹村派出所,613,嘉義縣朴子市竹村里14之6號
大鄉派出所,613,嘉義縣朴子市大鄉里223號
港墘派出所,614,嘉義縣東石鄉港墘村91號
水上分局,608,嘉義縣水上鄉水頭村中興路528號
成功派出所,608,嘉義縣水上鄉三界村156號
新埤派出所,612,嘉義縣太保市舊埤里新埤9號
後堀派出所,611,嘉義縣鹿草鄉後堀村61號
下潭派出所,611,嘉義縣鹿草鄉光潭村152號
中莊派出所,608,嘉義縣水上鄉中庄村66號
南新派出所,612,嘉義縣太保市北港路2段50號
柳林派出所,608,嘉義縣水上鄉柳鄉村柳子林119號
南靖派出所,608,嘉義縣水上鄉三鎮村三鎮路51號
水上派出所,608,嘉義縣水上鄉水上村中山路2段291號
太保分駐所,612,嘉義縣太保市太保里23號
鹿草分駐所,611,嘉義縣鹿草鄉西井村286號
民雄分局,621,嘉義縣民雄鄉東榮村民族路21號
民雄派出所,621,嘉義縣民雄鄉東榮村民族路21號
豐收派出所,621,嘉義縣民雄鄉豐收村好收路48號
菁埔派出所,621,嘉義縣民雄鄉菁埔村菁埔138號
溝背派出所,622,嘉義縣大林鎮義和里三塊厝2號
柳溝派出所,623,嘉義縣溪口鄉柳溝村阿連庄7號
安和派出所,616,嘉義縣新港鄉安和村16鄰番婆16號
南港派出所,616,嘉義縣新港鄉南港村南港1號
月眉派出所,616,嘉義縣新港鄉月潭村月眉潭204號
北斗派出所,621,嘉義縣民雄鄉北斗村北勢子17號
民興派出所,621,嘉義縣民雄鄉興中村江厝店10號
大美派出所,622,嘉義縣大林鎮大美里大埔美1號
新港分駐所,616,嘉義縣新港鄉大興村中正路47號
溪口分駐所,623,嘉義縣溪口鄉溪東村中正路142號
大林分駐所,622,嘉義縣大林鎮中山路86之2號
埤頭派出所,616,嘉義縣新港鄉埤子村埤仔頭32號
竹崎分局,604,嘉義縣竹崎鄉竹崎村中山路72號
竹崎派出所,604,嘉義縣竹崎鄉竹崎村中山路72號
仁和派出所,604,嘉義縣竹崎鄉獅埜村1鄰東義8號
龍山派出所,604,嘉義縣竹崎鄉龍山村瓦厝埔5號
復金派出所,604,嘉義縣竹崎鄉復金村11鄰52號
仁壽派出所,604,嘉義縣竹崎鄉仁壽村2鄰交力坪30號
中和派出所,604,嘉義縣竹崎鄉中和村奮起湖2鄰24號
太平派出所,603,嘉義縣梅山鄉太平村大坪42號
瑞里派出所,603,嘉義縣梅山鄉瑞里村幼葉林120號
新美派出所,605,嘉義縣阿里山鄉新美村新美56號
太和派出所,603,嘉義縣梅山鄉太和村蛤里味24號
山美派出所,605,嘉義縣阿里山鄉山美村山美57號
大南派出所,603,嘉義縣梅山鄉大南村南勢坑48號
里佳派出所,605,嘉義縣阿里山鄉里佳村里佳50號
阿里山派出所,605,嘉義縣阿里山鄉中正村62號
來吉派出所,605,嘉義縣阿里山鄉來吉村來吉4鄰95號
內埔派出所,604,嘉義縣竹崎鄉內埔村元興路112號
樂野分駐所,605,嘉義縣阿里山鄉中和村20鄰石棹22之6號
鹿滿派出所,604,嘉義縣竹崎鄉鹿滿村鹿鳴路56號
達邦分駐所,605,嘉義縣阿里山鄉達邦村達邦25號
十字派出所,605,嘉義縣阿里山鄉十字村1鄰28號
梅山分駐所,603,嘉義縣梅山鄉梅東村中山路68號
嘉義市政府警察局,600,嘉義市中山路195號
第一分局,600,嘉義市北港路280號
北鎮派出所,600,嘉義市北港路280號
長榮派出所,600,嘉義市中山路567號
竹園派出所,600,嘉義市博愛路2段455號
八掌派出所,600,嘉義市世賢路3段451號
北興派出所,600,嘉義市博愛路1段506號
第二分局,600,嘉義市東區吳鳳南路367號
興安派出所,600,嘉義市吳鳳南路367號
長竹派出所,600,嘉義市民權東路34號
新南派出所,600,嘉義市吳鳳南路75號
後湖派出所,600,嘉義市忠孝路537號
公園派出所,600,嘉義市中山路2號
北門派出所,600,嘉義市民權路268號
南門派出所,600,嘉義市民族路230號
臺南市政府警察局,730,臺南市新營區中正路3號
第一分局,701,臺南市東區崇善路740號
德高派出所,701,臺南市東區崇善路740號
文化派出所,701,臺南市東區崇明路384號
莊敬派出所,701,臺南市東區東光路2段66號
東門派出所,701,臺南市東區崇善路55號
東寧派出所,701,臺南市東區林森路2段250號
府東派出所,701,臺南市東區裕孝路136號
後甲派出所,701,臺南市東區富農街1段267號
第二分局,700,臺南市中西區南寧街144號
南門派出所,700,臺南市中西區南寧街144號
民權派出所,700,臺南市中西區民權路2段202號
博愛派出所,700,臺南市中西區北門路1段103號
海安派出所,700,臺南市中西區民生路2段273號
長樂派出所,700,臺南市中西區民權路3段230號
中正派出所,700,臺南市中西區中正路347號
第三分局,709,臺南市安南區安中路3段396號
安南派出所,709,臺南市安南區安中路3段396號
安中派出所,709,臺南市安南區安中路1段788號
顯宮派出所,709,臺南市安南區媽祖宮路50號
安佃派出所,709,臺南市安南區育英街116號
長安派出所,709,臺南市安南區長溪路3段313號
土城派出所,709,臺南市安南區城西街1段40號
海南派出所,709,臺南市安南區海佃路1段419號
安順派出所,709,臺南市安南區安西一街17號
和順派出所,709,臺南市安南區安和路4段569號
第四分局,709,臺南市西區育平路312號
華平派出所,708,臺南市安平區建平八街2號
安平派出所,708,臺南市安平區安平路27號
育平派出所,708,臺南市安平區育平路321號
第五分局,704,臺南市北區文賢路650號
立人派出所,704,臺南市北區西門路3段43號
北門派出所,704,臺南市北區北門路2段3號
公園派出所,704,臺南市北區文成三路550號
實踐派出所,704,臺南市北區大武街162號
開元派出所,704,臺南市北區開元路145號
和緯派出所,704,臺南市北區文賢路650號
第六分局,702,臺南市南區中華南路2段241號
喜樹派出所,702,臺南市南區喜樹路151巷1號
鯤鯓派出所,702,臺南市南區鯤鯓路161號
新興派出所,702,臺南市南區中華西路1段67之1號
金華派出所,702,臺南市南區三官路176巷5弄19號
灣裡派出所,702,臺南市南區灣裡路61巷2號
鹽埕派出所,702,臺南市南區中華南路2段241號
大林派出所,702,臺南市南區大同路2段456號
新營分局,730,臺南市新營區中山路119號
柳營分駐所,736,臺南市柳營區柳營路1段785號
鹽水分駐所,737,臺南市鹽水區武廟路23號
中山路派出所,730,臺南市新營區中山路119號
民治派出所,730,臺南市新營區民治路49號
後鎮派出所,730,臺南市新營區建國路110號
華雅派出所,737,臺南市鹽水區歡雅里歡雅25號
竹埔派出所,737,臺南市鹽水區竹埔里1號
太宮派出所,730,臺南市新營區太南里太子宮201號
重溪派出所,736,臺南市柳營區篤農里229號
果毅派出所,736,臺南市柳營區神農里296號
白河分局,732,臺南市白河區中山路128號
白河派出所,732,臺南市白河區中正路128號
後壁分駐所,731,臺南市後壁區後壁里後壁4號
東山分駐所,733,臺南市東山區青葉路二段49號
菁寮派出所,731,臺南市後壁區菁寮里菁寮77號
長安派出所,731,臺南市後壁區頂長里長短樹4號
安溪派出所,731,臺南市後壁區長安里中寮59號
玉豐派出所,732,臺南市白河區玉豐里海豐厝87號
竹門派出所,732,臺南市白河區竹門里竹子門125號
內角派出所,732,臺南市白河區內角里內角30號
河東派出所,732,臺南市白河區仙草里仙草7之1號
仙草派出所,732,臺南市白河區仙草里仙草7之1號
關嶺派出所,732,臺南市白河區關嶺里關子嶺14號
東河派出所,733,臺南市東山區東河里貝吉耍16號
東原派出所,733,臺南市東山區東原里前大埔10號
學甲分局,726,臺南市學甲區華宗路294號
學甲派出所,726,臺南市學甲區華宗路294號
將軍分駐所,725,臺南市將軍區忠興里忠興190-2號
北門分駐所,727,臺南市北門區北門里舊埕22號
苓和派出所,725,臺南市將軍區苓和里苓和100號
將富派出所,725,臺南市將軍區將富里將富50號
青鯤鯓派出所,725,臺南市將軍區將富里將富50號
中浯派出所,726,臺南市學甲區中洲里中洲287號
文山派出所,727,臺南市北門區中樞里溪底寮56號
蚵寮派出所,727,臺南市北門區保吉里蚵寮62之9號
宅港派出所,726,臺南市學甲區宅港里宅子港52號
頂洲派出所,726,臺南市學甲區三慶里頂洲110之1號
佳里分局,722,臺南市佳里區忠孝路7號
佳里派出所,722,臺南市佳里區忠孝路7號
西港分駐所,723,臺南市西港區中山路337號
七股分駐所,724,臺南市七股區玉城里玉城24號
子龍派出所,722,臺南市佳里區子龍里5鄰96號
後營派出所,723,臺南市西港區後營里13鄰281號
塭內派出所,722,臺南市佳里區龍安里8鄰84號
竹橋派出所,724,臺南市七股區竹橋里11鄰125號
三股派出所,724,臺南市七股區三股里7鄰72號
中鹽派出所,724,臺南市七股區中寮里23之65號
延平派出所,722,臺南市佳里區頂廓里10鄰118號
佳興派出所,722,臺南市佳里區興化里6鄰441號
後港派出所,724,臺南市七股區大潭里2鄰28號
麻豆分局,721,臺南市麻豆區興國路6號
麻豆派出所,721,臺南市麻豆區興國路6號
下營分駐所,735,臺南市下營區中山路1段226號
官田分駐所,720,臺南市官田區中山路1段131號
茅港派出所,735,臺南市下營區茅港里茅港尾298號
鳳林派出所,734,臺南市六甲區中社里林鳳營154號
總爺派出所,721,臺南市麻豆區南勢里南勢93號
安業派出所,721,臺南市麻豆區安業里安業112號
埤頭派出所,721,臺南市麻豆區小埤里埤頭5號
拔林派出所,720,臺南市官田區拔林里拔子林74號
六甲分駐所,734,臺南市六甲區中山路210號
湖山派出所,720,臺南市官田區嘉南里嘉南41號
大丘派出所,734,臺南市六甲區大丘里大丘園5號
官鎮派出所,720,臺南市官田區官田村官田383號
善化分局,741,臺南市善化區興農路461號
大內分駐所,742,臺南市大內區石城里石仔瀨74號
二溪派出所,742,臺南市大內區石城里石仔瀨74號
安定分駐所,745,臺南市安定區保西里安定443號
善化派出所,741,臺南市善化區中山路353之1號
茄拔派出所,741,臺南市善化區嘉南里茄拔350號
東昌派出所,741,臺南市善化區嘉南里茄拔350號
溪美派出所,741,臺南市善化區溪美里溪尾115號
蘇厝派出所,745,臺南市安定區蘇林里蘇厝70號
港口派出所,745,臺南市安定區港南里1之13號
海寮派出所,745,臺南市安定區海寮里海寮126號
頭社派出所,742,臺南市大內區二溪里150號
潭頂派出所,744,臺南市新市區潭頂里398號
新市分駐所,744,臺南市新市區新市里復興路2號
玉井分局,714,臺南市玉井區玉田里中山路2號
玉井派出所,714,臺南市玉井區玉田里中山路2號
望明派出所,714,臺南市玉井區玉田里中山路2號
楠西分駐所,715,臺南市楠西區中正路224號
鹿田派出所,715,臺南市楠西區中正路224號
南化分駐所,716,臺南市南化區南化里170號
玉山派出所,716,臺南市南化區玉山里54號
北寮派出所,716,臺南市南化區玉山里54號
新化分局,712,臺南市新化區中山路91號
新化派出所,712,臺南市新化區中山路91號
左鎮分駐所,713,臺南市左鎮區左鎮里122號
岡林派出所,713,臺南市左鎮區左鎮里122號
山上分駐所,743,臺南市山上區山上里山上35號
唪口派出所,712,臺南市新化區中山路660巷50號
知義派出所,712,臺南市新化區山腳里頂山腳182之1號
那拔派出所,712,臺南市新化區那拔里那拔林75號
歸仁分局,711,臺南市歸仁區六甲村中正南路1段1209號
歸仁派出所,711,臺南市歸仁區忠孝路160號
仁德分駐所,717,臺南市仁德區中山路624號
大潭派出所,711,臺南市歸仁區長榮路1段295號
依仁派出所,717,臺南市仁德區中洲里中洲12號
文賢派出所,717,臺南市仁德區二行路2段600號
太廟派出所,717,臺南市仁德區太子路461號
德南派出所,717,臺南市仁德區中正路2段271號
媽廟派出所,711,臺南市歸仁區中正北路3段100號
保東派出所,718,臺南市關廟區關新路1段836號
歸南派出所,711,臺南市歸仁區中正南路1段1209號
關廟分駐所,718,臺南市關廟區文衡路19號
龍崎分駐所,719,臺南市龍崎區崎頂里新市子37號
龍船派出所,719,臺南市龍崎區石糟里米市園1號
南雄派出所,718,臺南市關廟區田大路1號
永康分局,710,臺南市永康區龍埔街137號
龍潭派出所,710,臺南市永康區龍埔街137號
永康派出所,710,臺南市永康區中山北路2號
鹽行派出所,710,臺南市永康區中正北路65號
大灣派出所,710,臺南市永康區民族路478號
復興派出所,710,臺南市永康區中華路34號
永信派出所,710,臺南市永康區國華街102巷110號
大橋派出所,710,臺南市永康區大橋二街146號
高雄市政府警察局,801,高雄市前金區中正四路260號
三民第一分局,807,高雄市三民區同盟一路367號
哈爾濱街派出所,807,高雄市三民區哈爾濱街118號
十全路派出所,807,高雄市三民區十全一路86號
三民派出所,807,高雄市三民區建國三路188號
長明派出所,807,高雄市三民區南華路253號
前鎮分局,806,高雄市前鎮區一心一路286號
瑞隆路派出所,806,高雄市前鎮區班超路49號
草衙派出所,806,高雄市前鎮區鎮中路150號
前鎮街派出所,806,高雄市前鎮區前鎮街260號
一心路派出所,806,高雄市前鎮區一心一路286號
復興路派出所,806,高雄市前鎮區復興三路96號
左營分局,813,高雄市左營區博愛三路268號
博愛四路派出所,813,高雄市左營區博愛四路437號
四海派出所,813,高雄市左營區明建里自治新村221之3號
新莊派出所,813,高雄市左營區富民路435號
啟文派出所,813,高雄市左營區中華一路2號
舊城派出所,813,高雄市左營區左營大路101號
左營派出所,813,高雄市左營區進學路1號
文自派出所,813,高雄市左營區博愛三路268號
小港分局,812,高雄市小港區小港路20號
漢民路派出所,812,高雄市小港區宏平路367號
大林派出所,812,高雄市小港區鳳林路116號
高松派出所,812,高雄市小港區高松路25號
小港派出所,812,高雄市小港區平和南路119號
桂陽派出所,812,高雄市小港區桂陽路338號
新興分局,801,高雄市新興區中山一路100號
五福二路派出所,800,高雄市新興區五福二路222號
中正三路派出所,800,高雄市新興區中正三路3號
中山路派出所,800,高雄市新興區中山一路100號
自強路派出所,801,高雄市前金區自強二路63號
前金分駐所,801,高雄市前金區中正四路174號
苓雅分局,802,高雄市苓雅區苓雅一路367號
福德二路派出所,802,高雄市苓雅區福德二路77號
凱旋路派出所,802,高雄市苓雅區凱旋二路145號
三多路派出所,802,高雄市苓雅區三多一路168號
民權路派出所,802,高雄市苓雅區四維二路369號
成功路派出所,802,高雄市苓雅區成功一路136號
鹽埕分局,803,高雄市鹽埕區建國四路337號
建國四路派出所,803,高雄市鹽埕區建國四路337號
五福四路派出所,803,高雄市鹽埕區五福四路107號
七賢路派出所,803,高雄市鹽埕區七賢三路170號
鼓山分局,804,高雄市鼓山區鼓山一路105號
中洲派出所,805,高雄市旗津區中洲二路66號
旗津分駐所,805,高雄市旗津區廟前路137號
新濱派出所,804,高雄市鼓山區臨海三路2號
鼓山派出所,804,高雄市鼓山區鼓山二路81號
內惟派出所,804,高雄市鼓山區九如四路1139號
龍華派出所,804,高雄市鼓山區中華一路301號
楠梓分局,811,高雄市楠梓區外環西路119號
翠屏派出所,811,高雄市楠梓區德祥路147號
楠梓派出所,811,高雄市楠梓區旗楠路160號
後勁派出所,811,高雄市楠梓區後昌路214號
右昌派出所,811,高雄市楠梓區右昌街250號
加昌派出所,811,高雄市楠梓區外環西路119號
三民第二分局,807,高雄市三民區覺民路366號
鼎山派出所,807,高雄市三民區鼎山街260號
陽明派出所,807,高雄市三民區義華路272號
鼎金派出所,807,高雄市三民區鼎力路125號
民族派出所,807,高雄市三民區民族一路208號
覺民派出所,807,高雄市三民區覺民路366號
六龜分局,844,高雄市六龜區中興里中庄153號
高中派出所,848,高雄市桃源區興中巷90號
拉芙蘭派出所,848,高雄市桃源區梅蘭里113號
復興派出所,848,高雄市桃源區復興里復興巷1號
梅山派出所,848,高雄市桃源區梅山里52號
茂林分駐所,851,高雄市茂林區茂林里茂林巷13號
萬山派出所,851,高雄市茂林區萬山里1號
多納派出所,851,高雄市茂林區多納里1號
那瑪夏分駐所,849,高雄市那瑪夏區瑪雅里平和巷89號
達卡努瓦派出所,849,高雄市那瑪夏區民生里秀嶺巷87號
森濤派出所,848,高雄市桃源區寶山里藤枝78號
寶山派出所,848,高雄市桃源區寶山里16號
義寶派出所,844,高雄市六龜區民生路1號
桃源分駐所,848,高雄市桃源區桃源里南進巷183號
新威派出所,844,高雄市六龜區新威路127號
荖濃派出所,844,高雄市六龜區裕濃路18號
寶來派出所,844,高雄市六龜區中正路21號
建山派出所,848,高雄市桃源區建山巷61號
岡山分局,820,高雄市岡山區壽天路10號
深水派出所,824,高雄市燕巢區深興路88號
舊港派出所,827,高雄市彌陀區舊港橫路1號
甲圍派出所,825,高雄市橋頭區甲樹路1170號
鳳雄派出所,824,高雄市燕巢區鳳旗路171號
永安分駐所,828,高雄市永安區永安路22號
燕巢分駐所,824,高雄市燕巢區中民路585號
橋頭分駐所,825,高雄市橋頭區成功路156號
梓官分駐所,826,高雄市梓官區梓官路267號
彌陀分駐所,827,高雄市彌陀區中華路16號
赤崁派出所,826,高雄市梓官區赤崁西路12號
嘉興派出所,820,高雄市岡山區嘉興路251號
前峰派出所,820,高雄市岡山區中華路53號
壽天派出所,820,高雄市岡山區大仁北路5號
旗山分局,842,高雄市旗山區華中街1號
旗尾派出所,842,高雄市旗山區延平二路21號
廣興派出所,843,高雄市美濃區民族路100號
廣福派出所,842,高雄市旗山區旗屏二路18號
里關派出所,847,高雄市甲仙區中興路44巷10號
杉林分駐所,846,高雄市杉林區上平里山仙路87之1號
中埔派出所,845,高雄市內門區中埔里中埔36號
嶺口派出所,842,高雄市旗山區旗南三路212號
圓潭派出所,842,高雄市旗山區旗甲路3段165號
茄興派出所,846,高雄市杉林區木梓里茄苳巷144號
甲仙分駐所,847,高雄市甲仙區和安街42號
溝坪派出所,845,高雄市內門區永興里頂庄9號
內門分駐所,845,高雄市內門區內門里內門114號
吉東派出所,843,高雄市美濃區中正路3段416號
美濃分駐所,843,高雄市美濃區美中路262號
中壇派出所,843,高雄市美濃區中興路1段636號
大洲派出所,842,高雄市旗山區旗南二路39號
龍肚派出所,843,高雄市美濃區龍肚街63號
建國派出所,842,高雄市旗山區華中街1號
鳳山分局,830,高雄市鳳山區經武路36號
文山派出所,830,高雄市鳳山區鳳松路127號
新甲派出所,830,高雄市鳳山區新富路383號
埤頂派出所,830,高雄市鳳山區中山東路497號
忠孝派出所,830,高雄市鳳山區光復路2段188號
五甲派出所,830,高雄市鳳山區五甲二路472號
鳳崗派出所,830,高雄市鳳山區曹公路23號
成功派出所,830,高雄市鳳山區中山東路16號
過埤派出所,830,高雄市鳳山區保生路69號
南成派出所,830,高雄市鳳山區和成路37、39號
林園分局,832,高雄市林園區林園北路201號
昭明派出所,831,高雄市大寮區鳳林一路287號
大寮分駐所,831,高雄市大寮區鳳林三路377號
忠義派出所,831,高雄市大寮區鳳林四路353號
中庄派出所,831,高雄市大寮區仁愛路101號
中芸派出所,832,高雄市林園區力行路250號
港埔派出所,832,高雄市林園區沿海路4段326號
林園派出所,832,高雄市林園區林園北路201號
湖內分局,829,高雄市湖內區中山路1段290號
竹滬派出所,821,高雄市路竹區華山路31號
崇德派出所,823,高雄市田寮區崇德路49號
砂崙派出所,852,高雄市茄定區白砂路239巷2弄9號
蛙潭派出所,823,高雄市田寮區七星路11號
古亭派出所,823,高雄市田寮區古亭路39號
湖街派出所,829,高雄市湖內區中山路1段290之1號
阿蓮分駐所,822,高雄市阿蓮區忠孝路226號
田寮分駐所,823,高雄市田寮區崗安路71-2號
茄萣分駐所,852,高雄市茄萣區茄萣路2段1號
路竹分駐所,821,高雄市路竹區國昌路86巷24號
湖內派出所,829,高雄市湖內區中正路2段95號
一甲派出所,821,高雄市路竹區金平路356號
仁武分局,814,高雄市仁武區中正路135號
溪埔派出所,840,高雄市大樹區溪埔路65號
大樹分駐所,840,高雄市大樹區中興南路15號
仁武派出所,814,高雄市仁武區中正路135號
大社分駐所,815,高雄市大社區金龍路63號
九曲派出所,840,高雄市大樹區久堂路130號
仁美派出所,833,高雄市鳥松區仁德路16號
大華派出所,833,高雄市鳥松區澄清路821號
鳥松分駐所,833,高雄市鳥松區中正路96號之1
澄觀派出所,814,高雄市仁武區八德西路189號
屏東縣警察局,900,屏東縣屏東市中正路119號
屏東分局,900,屏東縣屏東市泰安里信義路141-3號
海豐派出所,900,屏東縣屏東市海豐路18號
社皮派出所,913,屏東縣萬丹鄉社口村社皮路2段399號
新鐘派出所,913,屏東縣萬丹鄉新鐘村新鐘路64號
德協派出所,908,屏東縣長治鄉德協村中興路635號
繁華派出所,908,屏東縣長治鄉繁昌村中山路102號
麟洛分駐所,909,屏東縣麟洛鄉麟趾村中山路437號
崇蘭派出所,900,屏東縣屏東市迪化街48號
長治分駐所,908,屏東縣長治鄉進興村復興路2號
萬丹分駐所,913,屏東縣萬丹鄉萬安村萬丹路1段216號
大同派出所,900,屏東縣屏東市前進里清進巷208號
建國派出所,900,屏東縣屏東市復興路243號
民和派出所,900,屏東縣屏東市民生路40號
公館派出所,900,屏東縣屏東市龍華路157號
民族派出所,900,屏東縣屏東市民族路152號
歸來派出所,900,屏東縣屏東市民生東路94號
民生派出所,900,屏東縣屏東市北平路30號
恆春分局,946,屏東縣恆春鎮中正路60號
滿州分駐所,947,屏東縣滿州鄉滿州村中山路60號
長樂派出所,947,屏東縣滿州鄉長樂村大公路33號
九棚派出所,947,屏東縣滿州鄉港仔村港仔路60號
牡丹分駐所,945,屏東縣牡丹鄉石門村石門路31號
旭海派出所,945,屏東縣牡丹鄉旭海村旭海路1號
龍水派出所,946,屏東縣恆春鎮龍泉路260號
車城分駐所,944,屏東縣車城鄉福興村中山路17號
墾丁派出所,946,屏東縣恆春鎮墾丁路113號
仁壽派出所,946,屏東縣恆春鎮仁壽路117號
建民派出所,946,屏東縣恆春鎮中正路60號
枋寮分局,940,屏東縣枋寮鄉枋寮村中興路33號
歸崇派出所,942,屏東縣春日鄉歸崇村玉光路6號
草埔派出所,943,屏東縣獅子鄉草埔村5號
春日分駐所,942,屏東縣春日鄉春日村春日路316號
內獅派出所,943,屏東縣獅子鄉內獅村內獅巷60號
加祿派出所,941,屏東縣枋山鄉加祿村加祿路102號
獅子分駐所,943,屏東縣獅子鄉楓林村2巷28號
枋山分駐所,941,屏東縣枋山鄉枋山村國中路26巷5之1號
佳冬分駐所,931,屏東縣佳冬鄉六根村佳和路89號
楓港派出所,941,屏東縣枋山鄉善餘村德隆路19號
石光派出所,931,屏東縣佳冬鄉石光村中山路200號
建興派出所,940,屏東縣枋寮鄉地利村建興路262號
東海派出所,940,屏東縣枋寮鄉東海村東林路717號
枋寮派出所,940,屏東縣枋寮鄉枋寮村中興路33號
東港分局,928,屏東縣東港鎮沿海路1號
東港派出所,928,屏東縣東港鎮沿海路1號
大鵬灣派出所,928,屏東縣東港鎮鵬灣大道1段200號
崁頂分駐所,924,屏東縣崁頂鄉崁頂村中正路117號
南州分駐所,926,屏東縣南州鄉仁里村三民路52號
新園分駐所,932,屏東縣新園鄉仙吉村仙吉路140號
琉球分駐所,929,屏東縣琉球鄉中福村行政路16號
林邊分駐所,927,屏東縣林邊鄉光林村中山路185號
興龍派出所,932,屏東縣新園鄉興龍村南興路278號
東濱派出所,928,屏東縣東港鎮朝安里延平路112號
潮州分局,920,屏東縣潮州鎮中山路12號
四林派出所,920,屏東縣潮洲鎮明倫路15號
泗洲派出所,911,屏東縣竹田鄉泗州村洲中路44號
餉潭派出所,925,屏東縣新埤鄉餉潭村龍潭路137號
來義分駐所,922,屏東縣來義鄉古樓村中正路92號
南和派出所,922,屏東縣來義鄉南和村288號
新埤分駐所,925,屏東縣新埤鄉新埤村新華路146號
竹田分駐所,911,屏東縣竹田鄉竹田村中正路111號
西勢派出所,911,屏東縣竹田鄉西勢村光明路47號
光華派出所,920,屏東縣潮洲鎮中山路12號
中山路派出所,920,屏東縣潮洲鎮新生路81號
里港分局,905,屏東縣里港鄉永春村永豐路1段3號
德文派出所,901,屏東縣三地門鄉德文村德文巷3號
霧台分駐所,902,屏東縣霧台鄉霧台村神山巷70號
青山派出所,901,屏東縣三地門鄉青山村民族巷61之2號
口社派出所,901,屏東縣三地門鄉口社村信義巷59之2號
三地門分駐所,901,屏東縣三地門鄉三地村中正路2段101號
泰山派出所,906,屏東縣高樹鄉泰山村山下路71號
新圍派出所,907,屏東縣鹽埔鄉新二村維新路129號
新南派出所,906,屏東縣高樹鄉新南村興店路8號
高樹分駐所,906,屏東縣高樹鄉高樹村興中路332號
舊寮派出所,906,屏東縣高樹鄉新豐村民安路1之10號
鹽埔分駐所,907,屏東縣鹽埔鄉鹽中村中山路41號
振興派出所,907,屏東縣鹽埔鄉振興村中正路6號
大平派出所,905,屏東縣里港鄉大平村中山路103號
三和派出所,905,屏東縣里港鄉土庫村土庫路140號
九如分駐所,904,屏東縣九如鄉九清村九如路2段177號
內埔分局,912,屏東縣內埔鄉內埔村中興路158號
瑪家分駐所,903,屏東縣瑪家鄉北葉村風景巷1號
佳義派出所,903,屏東縣瑪家鄉佳義村泰平巷53號
泰武分駐所,921,屏東縣泰武鄉佳平村佳平巷1號
忠孝派出所,921,屏東縣泰武鄉泰武村良武巷101號
赤山派出所,923,屏東縣萬巒鄉赤山村東山路110號
新北勢派出所,912,屏東縣內埔鄉豐田村新中路137號
佳佐派出所,923,屏東縣萬巒鄉佳和村佳興路30號
萬巒分駐所,923,屏東縣萬巒鄉萬巒村褒忠路124號
龍泉派出所,912,屏東縣內埔鄉龍泉村原勝路76號
內埔派出所,912,屏東縣內埔鄉內埔村中興路158號
基隆市警察局,201,基隆市信義區信二路205號
第一分局,200,基隆市仁愛區仁五路22號
延平街派出所,200,基隆市仁愛區仁二路76號
南榮路派出所,200,基隆市仁愛區南榮路225號
忠二路派出所,200,基隆市仁愛區忠二路2之1號
第二分局,202,基隆市信義區信二路193號
信義派出所,201,基隆市信義區信二路193號
深澳坑派出所,201,基隆市信義區深澳坑路69號
信六路派出所,202,基隆市中正區義一路148號
八斗子分駐所,202,基隆市中正區環港街98號
和一路派出所,202,基隆市中正區和一路146號
安瀾橋派出所,202,基隆市中正區中正路320號
東光派出所,201,基隆市信義區東明路61號
正濱派出所,202,基隆市中正區中正路511號
第三分局,206,基隆市七堵區富民里明德一路142號
復興派出所,206,基隆市七堵區華新一路40之3號
瑪陵派出所,206,基隆市七堵區大華二路194號
碇內派出所,205,基隆市暖暖區源遠路249巷36號
暖暖派出所,205,基隆市暖暖區暖暖街119號
八堵分駐所,205,基隆市暖暖區八堵路69號
百福派出所,206,基隆市七堵區百福里百六街120號
七堵派出所,206,基隆市七堵區富民里明德一路142號
第四分局,204,基隆市安樂區麥金路242號
大武崙派出所,204,基隆市安樂區基金一路351號
安樂派出所,204,基隆市安樂區麥金路242號
安定派出所,204,基隆市安樂區安一路307號
中華路分駐所,203,基隆市中山區通明街2號
中山派出所,203,基隆市中山區西定路1號
宜蘭縣政府警察局,260,宜蘭縣宜蘭市中山路2段167號
宜蘭分局,260,宜蘭縣宜蘭市光復路50號
大湖派出所,264,宜蘭縣員山鄉大安路120號
惠好派出所,264,宜蘭縣員山鄉尚惠路63號
內城派出所,264,宜蘭縣員山鄉員山路2段235號
枕山派出所,264,宜蘭縣員山鄉永同路3段18號
員山分駐所,264,宜蘭縣員山鄉員山路1段205號
延平派出所,260,宜蘭縣宜蘭市東港路22號
進士派出所,260,宜蘭縣宜蘭市縣政北路5號
新生派出所,260,宜蘭縣宜蘭市中山路5段156號
民族派出所,260,宜蘭縣宜蘭市三清路33號
新民派出所,260,宜蘭縣宜蘭市光復路50號
三星分局,266,宜蘭縣三星鄉三星路5段6號
三星派出所,266,宜蘭縣三星鄉三星路5段6號
明池派出所,267,宜蘭縣大同鄉明池4號
南山派出所,267,宜蘭縣大同鄉埤南巷6號
四季派出所,267,宜蘭縣大同鄉和勳巷12號
太平山派出所,267,宜蘭縣大同鄉太平巷94之2號
英士派出所,267,宜蘭縣大同鄉梵梵72號
福山派出所,266,宜蘭縣三星鄉三星路7段310號
牛鬥派出所,267,宜蘭縣大同鄉泰雅一路牛鬥巷52號
大同分駐所,267,宜蘭縣大同鄉朝陽39號
寒溪派出所,267,宜蘭縣大同鄉寒溪巷65之2號
大隱派出所,266,宜蘭縣三星鄉三星路2段350號
大洲派出所,266,宜蘭縣三星鄉上將路2段468號
清水檢查哨,267,宜蘭縣大同鄉三星路8段501巷7號
太平山檢查哨,267,宜蘭縣大同鄉太平巷94之3號
礁溪分局,262,宜蘭縣礁溪鄉中山路2段157號
礁溪派出所,262,宜蘭縣礁溪鄉中山路2段157號
美城派出所,263,宜蘭縣壯圍鄉大福路3段38號
福成派出所,261,宜蘭縣頭城鎮宜三路2段439號
二城派出所,261,宜蘭縣頭城鎮青雲路1段145號
大福派出所,263,宜蘭縣壯圍鄉壯濱路6段200號
龍潭派出所,262,宜蘭縣礁溪鄉大坡路135號
四城派出所,262,宜蘭縣礁溪鄉礁溪路1段157號
頭城分駐所,261,宜蘭縣頭城鎮開蘭路283號
忠孝派出所,263,宜蘭縣壯圍鄉順和路77號
壯圍分駐所,263,宜蘭縣壯圍鄉壯五路158號
大里派出所,261,宜蘭縣頭城鎮大里路94號
三城派出所,262,宜蘭縣礁溪鄉礁溪路3段195號
大溪派出所,261,宜蘭縣頭城鎮濱海路5段187號
羅東分局,265,宜蘭縣羅東鎮公正路159號
利澤派出所,268,宜蘭縣五結鄉利澤路6號
廣興派出所,269,宜蘭縣冬山鄉廣興路193號
二結派出所,268,宜蘭縣五結鄉西河路1號
五結分駐所,268,宜蘭縣五結鄉五結中路2段98號
順安派出所,269,宜蘭縣冬山鄉義成路2段394號
冬山分駐所,269,宜蘭縣冬山鄉冬山路168號
成功派出所,265,宜蘭縣羅東鎮興東南路46號
開羅派出所,265,宜蘭縣羅東鎮南昌東街1號
公正派出所,265,宜蘭縣羅東鎮公正路159號
蘇澳分局,270,宜蘭縣蘇澳鎮中山路1段252號
蘇澳派出所,270,宜蘭縣蘇澳鎮中山路1段252號
澳花派出所,272,宜蘭縣南澳鄉中央路50號
武塔派出所,272,宜蘭縣南澳鄉新溪路5號
碧候派出所,272,宜蘭縣南澳鄉信義路陽明巷78號
東澳派出所,270,宜蘭縣南澳鄉蘇花路3段161號
南澳分駐所,272,宜蘭縣南澳鄉蘇花路2段373號
南方澳派出所,270,宜蘭縣蘇澳鎮漁港路84號
馬賽派出所,270,宜蘭縣蘇澳鎮隘丁路12號
新城派出所,270,宜蘭縣蘇澳鎮中山路2段493號
港邊派出所,270,宜蘭縣蘇澳鎮蘇濱路1段195號
花蓮縣警察局,970,花蓮縣花蓮市府前路21號
花蓮分局,970,花蓮縣花蓮市軒轅路32號
軒轅派出所,970,花蓮縣花蓮市軒轅路32號
民意派出所,970,花蓮縣花蓮市府前路518號
美崙派出所,970,花蓮縣花蓮市民權路209號
豐川派出所,970,花蓮縣花蓮市國民八街15號
中華派出所,970,花蓮縣花蓮市中華路300號
中正派出所,970,花蓮縣花蓮市中正路448號
中山派出所,970,花蓮縣花蓮市林森路232號
自強派出所,970,花蓮縣花蓮市中央路3段840號
吉安分局,973,花蓮縣吉安鄉中正路1段38號
月眉派出所,974,花蓮縣壽豐鄉月眉村7鄰月眉3段42號
池南派出所,974,花蓮縣壽豐鄉池南路2段13號
鹽寮派出所,974,花蓮縣壽豐鄉鹽寮村鹽寮129號
水源派出所,972,花蓮縣秀林鄉水源村9鄰水源109號
銅門派出所,972,花蓮縣秀林鄉銅門村9鄰銅門65號
北昌派出所,973,花蓮縣吉安鄉壽昌街6號
志學派出所,974,花蓮縣壽豐鄉中山路2段238號
太昌派出所,973,花蓮縣吉安鄉吉安路1段37號
吉安派出所,973,花蓮縣吉安鄉吉安村吉安路2段122號
水璉派出所,974,花蓮縣壽豐鄉水璉村3鄰水璉一街53號
仁里派出所,973,花蓮縣吉安鄉中正路1段38號
稻香派出所,973,花蓮縣吉安鄉稻香路62號
豐田派出所,974,花蓮縣壽豐鄉豐山街1號
南華派出所,973,花蓮縣吉安鄉吉安路6段351巷10號
壽豐分駐所,974,花蓮縣壽豐鄉壽山路22號
光華派出所,973,花蓮縣吉安鄉南濱路1段459號
新城分局,971,花蓮縣新城鄉中山路59號
和平派出所,972,花蓮縣秀林鄉和平村122號
崇德派出所,972,花蓮縣秀林鄉崇德村6鄰崇德82號
富世派出所,972,花蓮縣秀林鄉富世村8鄰富世135號
天祥派出所,972,花蓮縣秀林鄉富世村13鄰天祥22之6號
合歡派出所,972,花蓮縣秀林鄉富世村19鄰關原20之1號
秀林分駐所,972,花蓮縣秀林鄉秀林村12鄰秀林路69號
加灣派出所,972,花蓮縣秀林鄉景美村7鄰加灣128之6號
佳民派出所,972,花蓮縣秀林鄉佳民村8鄰佳民123號
新城派出所,971,花蓮縣新城鄉中山路59號
北埔派出所,971,花蓮縣新城鄉北埔路271號
嘉里派出所,971,花蓮縣新城鄉嘉里三街47號
玉里分局,981,花蓮縣玉里鎮博愛路200號
立山派出所,982,花蓮縣卓溪鄉立山村17鄰山里77之2號
中平派出所,982,花蓮縣卓溪鄉太平村9鄰中興20之3號
東里派出所,983,花蓮縣富里鄉東里村5鄰大庄路38號
卓溪分駐所,982,花蓮縣卓溪鄉中正路69號
卓樂派出所,982,花蓮縣卓溪鄉卓清村11鄰卓樂15號
大禹派出所,981,花蓮縣玉里鎮大禹里21鄰大禹227號
三民派出所,981,花蓮縣玉里鎮三民里9鄰三民25號
崙天派出所,983,花蓮縣卓溪鄉古風村1鄰崙天5號
春日派出所,981,花蓮縣玉里鎮春日里11鄰神農74號
富里分駐所,983,花蓮縣富里鄉中山路140號
觀音派出所,981,花蓮縣玉里鎮觀音里16鄰觀音14號
竹田派出所,983,花蓮縣富里鄉竹田村1鄰東竹40號
樂合派出所,981,花蓮縣玉里鎮樂合里12鄰樂合27號
玉里派出所,981,花蓮縣玉里鎮博愛路200號
永豐派出所,983,花蓮縣富里鄉豐南村4鄰永豐93之4號
鳳林分局,975,花蓮縣鳳林鎮信義路37號
萬榮分駐所,979,花蓮縣萬榮鄉萬榮村1鄰萬榮14之1號
紅葉派出所,979,花蓮縣萬榮鄉紅葉村1鄰紅葉11號
富源派出所,977,花蓮縣豐濱鄉富源村9鄰中正路159號
西林派出所,979,花蓮縣萬榮鄉西林村8鄰西林130號
奇美派出所,978,花蓮縣瑞穗鄉奇美村2鄰奇美20號
新社派出所,977,花蓮縣豐濱鄉新社村7鄰新社161號
舞鶴派出所,978,花蓮縣瑞穗鄉舞鶴村1鄰舞鶴59號
港口派出所,977,花蓮縣豐濱鄉靜浦村10鄰靜浦10號
大富派出所,976,花蓮縣光復鄉中山路1段23號
富田派出所,976,花蓮縣光復鄉中正路2段55號
豐濱分駐所,977,花蓮縣豐濱鄉三民路104號
長橋派出所,975,花蓮縣鳳林鎮長橋路91號
瑞穗分駐所,978,花蓮縣瑞穗鄉中正南路2號
山興派出所,975,花蓮縣鳳林鎮山文路7號
光復分駐所,976,花蓮縣光復鄉中正路1段127號
南平派出所,975,花蓮縣鳳林鎮自強路372號
鳳林派出所,975,花蓮縣鳳林鎮信義路37號
臺東縣警察局,950,臺東縣臺東市中山路268號
臺東分局,950,臺東縣臺東市博愛路373號
中興派出所,950,臺東縣臺東市博愛路373號
公館派出所,951,臺東縣綠島鄉公館村69號
建蘭派出所,952,臺東縣蘭嶼鄉紅頭村50號
東清派出所,952,臺東縣蘭嶼鄉東清村3號
朗島派出所,952,臺東縣蘭嶼鄉朗島村13號
寶桑派出所,950,臺東縣臺東市四維路一段369號
南王派出所,950,臺東縣臺東市更生北路624號
馬蘭派出所,950,臺東縣臺東市更生路678號
豐里派出所,950,臺東縣臺東市中華路3段126號
綠島分駐所,951,臺東縣綠島鄉南寮村南寮158號
富岡派出所,950,臺東縣臺東市松江路1段431號
卑南分駐所,954,臺東縣卑南鄉賓朗村賓朗路440號
知本派出所,950,臺東縣臺東市大和路11號
初鹿派出所,954,臺東縣卑南鄉初鹿村梅園路83號
東興派出所,950,臺東縣臺東市中興路6段796號
利嘉派出所,954,臺東縣卑南鄉利嘉村利嘉路617號
永樂派出所,950,臺東縣臺東市正氣北路915號
溫泉派出所,950,臺東縣臺東市青海路4段343號
蘭嶼分駐所,952,臺東縣蘭嶼鄉椰油村椰油31號
大武分局,965,臺東縣大武鄉大武村大武街52號
達仁分駐所,966,臺東縣達仁鄉安朔村復興路100號
南田派出所,966,臺東縣達仁鄉安朔村復興路100號
土?派出所,966,臺東縣達仁鄉土?村7鄰107號
新化派出所,966,臺東縣達仁鄉新化村1號
金峰分駐所,964,臺東縣金峰鄉嘉蘭村30號
正興派出所,964,臺東縣金峰鄉正興村51號
台?派出所,966,臺東縣達仁鄉台阪村1鄰13之2號
大武派出所,965,臺東縣大武鄉大武村大武街52號
森永派出所,966,臺東縣達仁鄉森永村森永6號
太麻里分駐所,963,臺東縣太麻里鄉泰和村太麻里街142號
尚武派出所,965,臺東縣大武鄉尚武村客庄11號
多良派出所,963,臺東縣太麻里鄉多良村大溪262號
金崙派出所,963,臺東縣太麻里鄉金崙村金崙439號
美和派出所,963,臺東縣太麻里鄉美和村美和84之1號
成功分局,961,臺東縣成功鎮公民路87號
忠孝派出所,961,臺東縣成功鎮成廣路9號
都歷派出所,961,臺東縣成功鎮都歷路46號
東河分駐所,959,臺東縣東河鄉東河村南東河368號
竹湖派出所,962,臺東縣長濱鄉寧埔村7號
寧埔派出所,962,臺東縣長濱鄉寧埔村7號
都蘭派出所,959,臺東縣東河鄉都蘭村248號
泰源派出所,959,臺東縣東河鄉泰源村本部落281號
新豐派出所,961,臺東縣成功鎮公民路87號
長濱分駐所,962,臺東縣長濱鄉長濱村41號
樟原派出所,962,臺東縣長濱鄉樟原村10號
三間派出所,962,臺東縣長濱鄉樟原村10號
關山分局,965,臺東縣關山鎮中正路27號
武陵派出所,953,臺東縣延平鄉武陵村明野路10號
延平分駐所,953,臺東縣延平鄉桃源村74號
鸞山派出所,953,臺東縣延平鄉鸞山村19號
崁頂派出所,957,臺東縣海端鄉坎頂村中福路25號
瑞源派出所,955,臺東縣鹿野鄉瑞源村文化路8號
瑞豐派出所,955,臺東縣鹿野鄉瑞豐村中山路61號
龍泉派出所,957,臺東縣海端鄉廣原村龍泉路1號
錦安派出所,958,臺東縣池上鄉萬安村萬安路12號
利稻派出所,957,臺東縣海端鄉利稻村文化路2號
向陽派出所,957,臺東縣海端鄉利稻村向陽路1號
關山派出所,956,臺東縣關山鎮中福里中正路27號
霧鹿派出所,957,臺東縣海端鄉霧鹿村霧鹿村1號
池上分駐所,958,臺東縣池上鄉中山路211號
海端分駐所,957,臺東縣海端鄉山界路17號
鹿野分駐所,955,臺東縣鹿野鄉中華路2段55號
電光派出所,956,臺東縣關山鎮電光里中興路42號
紅葉派出所,953,臺東縣延平鄉紅葉村9號
初來派出所,957,臺東縣海端鄉海端村初來路70號
澎湖縣政府警察局,880,澎湖縣馬公市治平路36號
馬公分局,880,澎湖縣馬公市新生路201號
光明派出所,880,澎湖縣馬公市新生路201號
啟明派出所,880,澎湖縣馬公市臨海路33號
文澳派出所,880,澎湖縣馬公市東文里5號
東衛派出所,880,澎湖縣馬公市東衛里15號
鎖港派出所,880,澎湖縣馬公市鎖港里1481號
虎井派出所,880,澎湖縣馬公市虎井里75之2號
隘門派出所,885,澎湖縣湖西鄉隘門村1號
龍門派出所,885,澎湖縣湖西鄉龍門村119之64號
湖西分駐所,885,澎湖縣湖西村77號
沙港派出所,885,澎湖縣湖西鄉沙港村138號
白沙分局,884,澎湖縣白沙鄉後寮村7之9號
講美派出所,884,澎湖縣白沙鄉講美村103號
白沙派出所,884,澎湖縣白沙鄉赤崁村135號
通梁派出所,884,澎湖縣白沙鄉後寮村7之9號
吉貝派出所,884,澎湖縣白沙鄉吉貝村1號
鳥嶼派出所,884,澎湖縣白沙鄉鳥嶼村211號
竹灣派出所,881,澎湖縣西嶼鄉合界村1之9號
西嶼分駐所,881,澎湖縣西嶼鄉池東村小池角214號
外垵派出所,881,澎湖縣西嶼鄉外垵村12號
望安分局,882,澎湖縣望安鄉東安村57號
東垵派出所,882,澎湖縣望安鄉東安村57號
嶼坪派出所,882,澎湖縣望安鄉東嶼坪45號
雙吉派出所,882,澎湖縣望安鄉東吉村9號
花嶼派出所,882,澎湖縣望安鄉花嶼村45之1號
將軍派出所,882,澎湖縣望安鄉將軍村160號
七美分駐所,883,澎湖縣七美鄉平和村10號
金門縣警察局,893,金門縣金城鎮金山路15號
金城分局,893,金門縣金城鎮民生路54巷1號
金城派出所,893,金門縣金城鎮民生路54巷1號
金寧分駐所,892,金門縣金寧鄉盤山村仁愛新村2號
烈嶼分駐所,894,金門縣烈嶼鄉林湖村西路37號
金湖分局,891,金門縣金湖鎮黃海路90之3號
金湖派出所,891,金門縣金湖鎮黃海路90之3號
金沙分駐所,890,金門縣金沙鎮成功路1號
烏坵駐在所,896,金門縣烏坵鄉大坵村1號
福建省連江縣警察局,209,連江縣南竿鄉介壽村260號
南竿警察所,209,連江縣南竿鄉介壽村260號
北竿警察所,210,連江縣北竿鄉塘岐村259號
莒光警察所,211,連江縣莒光鄉田沃村66之4號
東莒派出所,211,連江縣莒光鄉大坪村3號
東引警察所,212,連江縣東引鄉中柳村121之1號
西區派出所,209,連江縣南竿鄉馬祖村7號
